filename,true_label,predicted_probability,predicted_label
9s4baJE29mP6-0Nk-KJRoS7TV34.jpg,1,0.9987733960151672,1
PIL0v47Sw1bH3dI7Ob6k7GEFcPk.webp,1,0.3005196750164032,0
5s8g_7LCvNvOzTiBk549-ZcAw0I.webp,1,0.922552764415741,1
7r-hud89IPwGjWz2MWoQovu9J4w.webp,1,0.734176754951477,1
tvU3wuaKHstYLvwxsKmPyhqBcd0.jpg,1,0.4447709023952484,0
QPRHLi1lmyWJcwufMo5yg3GXSn8.jpg,1,0.999961256980896,1
fJ0vy6tduMqO3CekxCNC5tlEq10.jpg,1,0.962303876876831,1
tGr_nyXpPZNLMN_w7-NldTrqSfI.jpg,1,0.5775022506713867,1
VntogJUbx2lECrAxKJiSnAzH0h4.jpg,1,0.9383765459060669,1
tWMNmsS1YjLCI-SpvAdqhJUHG_M.jpg,1,0.8323997259140015,1
s2E6jf5H0PbOs_wDQAaeV1u467I.webp,1,0.4920160472393036,0
k4C-9qZABDw93MvFbE_q4mB4UgQ.jpg,1,0.9582716822624207,1
8wIJe_odDnZpBON6ptudCjQoL6g.jpg,1,0.3628617823123932,0
7psVsdnkDNhH8YQvUpfGVGtm7_w.webp,1,0.9118499159812927,1
PUL8rJR-J5D-RoYW0M1UhylOd7s.jpg,1,0.9997521042823792,1
ME4-kFZKk3krQaLhDszFbu1nGr0.webp,1,0.6609951853752136,1
0cNlqsaebqpYW3kf0bmaFc9aSE0.webp,1,0.9115720987319946,1
Cq0SNlA_UieDk2T0mJ0ADUJ3EpU.webp,1,0.9152665138244629,1
eG5DKAn1hu9X8XmqZd5DRFbEAjs.webp,1,0.5956095457077026,1
EqO5CrCKbTg2OVb_diiXfeS7uKs.jpg,1,0.8537378907203674,1
18dDBLjlABdz7vzazg6qysd2tmA.jpg,1,0.9745056629180908,1
6JbYvuKXZqnMNRGa6orfgS2_YqU.jpg,1,0.9999988079071045,1
_I_Kxc2xWF887iCwwFrCBvgZOPo.jpg,1,0.8775395750999451,1
R5i8dBWyO4aEv43k4-fV499_Qlo.jpg,1,0.9233540892601013,1
J8OHmLlORojiZsktvw5fLFxOGVY.jpg,1,0.3257754445075989,0
IlorYFLmi4Oy3zQZZKoP-lYm3bY.jpg,1,0.9998667240142822,1
8pSRUaAZLJYEyrhfPpkEOYuOoU4.jpg,1,0.9413197636604309,1
BAYE92GQLkjANjSwQav83ffL9r0.jpg,1,0.6006225943565369,1
rbcm8SrNc9SRKl4gsmNb6hJ0gNk.jpg,1,0.614475667476654,1
PmakfwQgxdnM5RRns5O9ledZxeY.jpg,1,0.9995830655097961,1
jhZRB9SJSKI5oiozTNG_jImWt1c.jpg,1,0.655170738697052,1
uTXNPlLWRAoD_1XLnaFCB-Aqnjk.jpg,1,0.8936553597450256,1
zYefY2HEdnXhIb4p2YuekA-3A1c.png,0,0.13762754201889038,0
Z1wpXbzTsrZp3l9-s39cBActg28.jpeg,1,0.6799906492233276,1
HIJFs33UIanYqYHtHBrXI_8-fWE.jpg,1,0.8543782830238342,1
lfXsmcnzTXenljQv-3XKpn5ObVI.jpeg,1,0.5505895018577576,1
0B_wSbVdYj4urPXetBbsA346blE.jpeg,1,0.8960027694702148,1
SAjky1-RQnwXgX7EN8aQ5HoTfhQ.webp,1,0.8489447236061096,1
cwOd0kDC_z0IyJG3Bj1HcFYNnto.png,1,0.42254865169525146,0
t5ZV4Cq7uBZRCx4hobbafGZGonc.jpg,1,0.3518843352794647,0
9n-5PbtnYtLVvLtC7N-M2Jg433c.jpeg,1,0.2549636662006378,0
Wav34R7Y1wc3_oKFkgcO7VrLwvQ.jpeg,1,0.8545602560043335,1
rtlLdO_vuy0PqjD6X7_s3H0yiNs.jpg,1,0.5639913082122803,1
gP9TpNTIGlKozpXYnk1AYWIMzHs.jpeg,1,0.5606249570846558,1
HH0Tky2fp2onRtyN5f4BpD27VVU.jpg,1,0.2138875424861908,0
eshlwQKlGRLmOQLE5DDdA_KZ5eE.jpeg,1,0.5136324167251587,1
nUNSB5BBE3XNdqd7E6d6mTPRUAg.jpg,1,0.9362507462501526,1
7nqL_fP8fv2xQnb1JJCGMiJowpg.webp,1,0.8288997411727905,1
6ZRdChxMnCHa0iJ4W8zV5Ki_xw0.png,1,0.9990946054458618,1
mW7J_KUhGbjOFTdsz6d4ST0YyVc.jpg,1,0.6380655169487,1
6_s56lWOt0E6E8IXbqBPpbkx6Ws.jpg,1,0.9096224308013916,1
1pgf7h-6FxXbay_BBkmMVs746mA.jpeg,1,0.4356439411640167,0
167FO49EHrekV9rhWoEGk8k_zEo.jpg,1,0.6150842308998108,1
2YFVQfEWh6rvXUNVPtG6fUvpssg.webp,1,0.8260390758514404,1
2C8YYBQfNU1RP0awdj0OBJ48XJw.webp,1,0.8169359564781189,1
xSpeVnvUcjkr5f36BaUSOeu2tlQ.jpg,1,0.9514009952545166,1
A7M7QWQ7mbruq4E4ewcILprCysM.jpeg,1,0.5586709380149841,1
idsX5QZ_UIGaJRMfdW00sJnxWmY.jpg,1,0.7001538276672363,1
IUWJc3aQhMdkmL90IrlNW7wX2Ng.jpg,1,0.8148981332778931,1
_nslvM0-Y4HW98mcrfjUQ1E56fs.jpg,1,0.9473079442977905,1
WXmPfjUSLWNX8ihtl-jk4Lm0JxA.jpeg,1,0.8281992077827454,1
XMDgGQWmLM2_sfU1uexSTf_NxVM.jpg,1,0.9523776173591614,1
z8ly-F8Qdpx8F8uz5L-OXEXD3_M.jpg,1,0.6800113916397095,1
zHJMF2kjgw-NFB5IDtKUF-qPqxY.jpg,1,0.7273905873298645,1
a_jvBaxdlGdiakQYkjFQnTpTemc.png,1,0.9992077946662903,1
H_SXTdxXlHg_QYc4RAQnPejwdFg.jpg,1,0.6324031949043274,1
R3HHwt8lJZgwlj2rJFG2OaRPLjU.jpeg,1,0.513172447681427,1
EMf3I3Qji8agnzND-JMqo40RXnk.jpg,1,0.9528443217277527,1
gIBBMxWpJtB7WIAZzsy3_AZhxH0.png,1,0.8986996412277222,1
Q2s-9bPXGtxURhA2aKRFPSyf3wo.jpg,0,0.864324152469635,1
_btaliUsfwkmCkSgQPgWreC02ok.jpg,1,0.5432275533676147,1
YNvvQ0iyseITYmggrSe8PoZ6ly8.png,1,0.6438706517219543,1
JdGQPc2KJlnHoQUyiykdlDXBYx0.png,1,0.07669136673212051,0
0frnUzSE2opxUlXmFCOC7ycsnwU.jpg,1,0.13927911221981049,0
dgOdEjEM6c6Bm9jkL5pdhVcmwaE.png,1,0.22190649807453156,0
_rKLUZybsfor0O6F6F-0kwttHsI.webp,1,0.7902470231056213,1
URrphLvZcr7ZTtW6SmN0EEKlZfU.jpg,0,0.9980899691581726,1
msXnF5PC_cgzVpHpWbOpJtTlhgo.jpg,1,0.567302942276001,1
rrFl5w7qAZM35KVVhlZe2pDwjlY.png,1,0.8970146179199219,1
eTBiowore2shs-JX6et2j2K4HAs.jpg,1,0.5780924558639526,1
Wdh3i1nKACcW2INYwqhAt64BEQs.jpg,1,0.9992104768753052,1
GidZzMmuNLllSeuA1b4CWqirgvc.jpg,1,0.9591244459152222,1
OqkgyTVyx5pI9NjdjtDJnOkuVsw.jpg,1,0.9985744953155518,1
k878BApQRYFkpvvGD0o-XlBUYjE.jpg,0,0.9855090975761414,1
L56FxDQIa4bJBkYcQ8H9aa9I14A.jpeg,1,0.2856283187866211,0
MWNCa-4eq_1wqDa48Qy8_Z2mnZY.jpg,1,0.999214768409729,1
g_xE6-2ZHEB6MtP2qfoZ-riytF4.jpg,0,0.8876290917396545,1
RLUFMGWGkf_F-dfQlJ67BMkw0Qw.jpg,1,0.3034570515155792,0
K4E2AkwqDsEyVZi9i4LShrvbjQY.jpeg,1,0.38390597701072693,0
jHVzB8ZTMYTVaIU9BUaLaZVNmGw.webp,1,0.9716289639472961,1
EjYYtXpe0rSZqLKgrphbHIY7qQU.jpg,1,0.35531482100486755,0
IDY5d0CflSSaSD8jM4hrp8HhPRk.jpg,1,0.8165539503097534,1
eXuMTt316135gVMRLZaJktlUrXg.jpg,1,0.7732656002044678,1
_HNszZIADB7Hl5q32XdIh75PGYE.jpg,1,0.9583463668823242,1
24prSyUmLvH20-nmI9LC5UCH6IE.jpg,1,0.3429928123950958,0
bbBnn5ALnuJJyV2hxVcpUH6lGGE.jpg,1,0.7644772529602051,1
NwTuQzyUjCGT3gvgv4LZBc-Qg1c.jpg,1,0.9796665906906128,1
XHozPs-WfqZOY6HMyOfi76I6L_g.jpg,1,0.32535234093666077,0
pcMWtLFVgAt1VBd5ITz-bdz9-JU.jpg,1,0.5741190910339355,1
lmvLHezoTsRfegM4yyuy6XyWx4A.jpeg,1,0.9441710114479065,1
2h2R_ZFtmt_v9uRerRuMB_16S74.jpeg,1,0.825080156326294,1
hG6vhb45SlJqCrYPMPGoeANE_Pk.jpeg,1,0.3512549102306366,0
wJoAvWHXFsLvGkMpJJSjvZX7GsA.jpg,1,0.5720440149307251,1
aH_bqzUwFhq3GbuoUmdJueNm_a0.jpg,1,0.7546333074569702,1
R8Wyp9ZlRyH5oJXkuEBS7RniaYY.jpeg,1,0.9411556720733643,1
q6YCpmlAuyl9Wt2R1MkYwl6X1mg.jpeg,1,0.6740198135375977,1
BzaSGuSwLr9pRsre8B_JGn4Xj1w.jpeg,1,0.3447023034095764,0
09PKPQiPDfbjUVad5qmT7tcOZhg.jpg,1,0.1769062727689743,0
0_3mejWa7_55n25j7NVQtECgsu8.jpg,1,0.3808457851409912,0
Nguh0R8JAc4FXCAFiciBBVJm9gY.jpg,1,0.6837499737739563,1
DZNvq5GoEz95d2fDlgAH77avug0.png,1,0.8495329022407532,1
FkQFsNUoWn6Dg8X0s-5aYKscLRY.jpg,1,0.7706529498100281,1
fy_-GQHrcWmjeS4-PEvT4oVvPA4.jpg,1,0.7361063361167908,1
2MOYanY_Mi8v5jfbi2Mh-V8zSiM.jpeg,1,0.8286370038986206,1
VR_jaY-b6pSpCZHR9uawDCsLI8g.jpeg,1,0.8130457997322083,1
ZMWIo6YuZn1k3yUJDnQ_McKDZK4.jpeg,1,0.3219749927520752,0
SptBKPTOjMFZYbFNedSODvs0WTM.jpg,1,0.6137336492538452,1
xtg2iflmTyYRxXM5O4XMpTlkSa4.jpg,1,0.8520487546920776,1
3tb1MFbj0guohcaYDE72qGaw9DM.png,0,0.4777452349662781,0
DiwyIDKRpdPCHmAaBxloBABQ22A.jpg,1,0.23551560938358307,0
TvuuGjwXkK-_vVa8lvQDpd3lW6o.jpg,1,0.6550858616828918,1
DZostff9vWHfYH8qvlFHPkRgYVE.jpg,1,0.7734912037849426,1
b25mmi9SSD5Pu6HjmGA6CVHucl0.png,1,0.18866348266601562,0
ALB7Qh8fc27annB-rhum6wSyVCw.jpg,1,0.5291012525558472,1
5syzS8WYljmG0cKl8_mtO1g2Iuc.jpg,1,0.3396483063697815,0
qf4w8FN3mm3Nvr-qUVm3nz4Ncyc.jpg,1,0.5926957726478577,1
wEoa1r2YRL6DNd1ZHhBk8VwBXdA.jpg,1,0.7675948143005371,1
GQ4Rc6UrXaUgLVesBRXvvzHybaw.jpg,1,0.4202938377857208,0
TtdeaROwcEtkyxFEVlXUDudLmLY.png,0,0.9186987280845642,1
__qqGi0aQNCeCoUGC72K2yomyPc.jpg,1,0.8512465357780457,1
bP5czw63CSTZ0GGIzQf8u7SD49U.png,1,0.5574806332588196,1
FUEjT111OcwXgMh-z1m1ce5ayM8.jpg,1,0.9477348923683167,1
mAENEu9qr9mnQJGgyN2gb08OOEg.jpg,1,0.47882840037345886,0
AdjXgAFnWUdkJPXHP3ySsK8lF6E.jpg,1,0.5744795799255371,1
D6M0A-KX-4RVt2Ov0xp0t9n2gLk.jpg,1,0.2341977208852768,0
nje6ofAxZa7WXB2gEwcspiVaTMA.jpg,1,0.7073349356651306,1
dLlNnlpKpYzVDeGPnkpg48_kY8Q.jpg,1,0.9441182017326355,1
wX1kq8YfJvLSknBmclaDKCv8y04.jpg,1,0.7819005846977234,1
fnjORgPyDvcy7xXURmM2RlbwjFE.jpg,1,0.8106063008308411,1
PDe-aTTWspe2mj7vPdT4K8oL_h8.jpg,1,0.6354485750198364,1
S7YqSLPv8dnx5sW4Z_Lo0_hrzYg.png,1,0.5703116655349731,1
YALxd2WeM7XYZ4cjcRsg_lsqfsw.png,1,0.6215676665306091,1
rneLrNpPi0HwXnKjE5FDT1e25qk.png,1,0.8594496250152588,1
HQWhhic7d1lWvNw1NCHi400uYXM.jpg,1,0.37763306498527527,0
caW3Y_CnYAUjiWOnxvV8V7n6XOM.jpg,1,0.8567587733268738,1
MsVRtCjjeNtlnrK5yqsW9dkgxuE.jpg,1,0.4961358904838562,0
l0ktV1nRW49PDCTfnz9IZsgYeok.jpg,1,0.9981288313865662,1
yVbwJcfO5FEYq2L_r-H2T77pYYY.png,1,0.8733996748924255,1
rLZo_KW1iIiAgNVpxdH9Mx13I0k.jpg,0,0.42187678813934326,0
MCBloaitAZQjAbxFT2ObE5BPljQ.jpg,1,0.6777883768081665,1
ri6Q2stC5AQhAcNjE5LO-vjpPwo.jpg,1,0.8733670115470886,1
xb_Xj3JkQ845tANLN4Q4AhQCnwE.jpg,1,0.9610437750816345,1
yzyzQ5TTDLHoWz0Cjj0xLG4GvyI.jpg,1,0.2722865641117096,0
yqKJ1EIvZ1AgrdYXg5vUGMH16kg.jpg,1,0.37739887833595276,0
m4nM8PdOx_6DN0F5DaNWB1BfBsw.jpg,1,0.9230166673660278,1
kxPmfHHh2xmiyjJRmq6Pbfsst_c.jpg,1,0.2730986475944519,0
EPfFMOc7u9Q44Je0K_wClZEWdwg.jpg,1,0.35300904512405396,0
e-GWfvO6VxJlcvEA7WHu6Ed1evA.png,1,0.9950560331344604,1
mhbMU501uPXOQZHKxDepQViDEho.jpg,1,0.8062318563461304,1
PjOC0QM_IbIh64rB3qZ68IxYXrU.jpg,0,0.43693625926971436,0
h8DpaTUNym0u-Boy866eIyD4D00.png,1,0.7500617504119873,1
hhiOEFj9r4VemUp5yx0_wNLNr4Q.jpg,1,0.8902039527893066,1
AP-XR9fQSyWAITTWjnmiFyuXqjY.jpg,1,0.9253989458084106,1
5Y4ibXN21QmC8JhTmu5XvGo7mg8.jpg,1,0.6982734799385071,1
Ei-BWPCum0S3HG45QxpyfPI87zg.jpg,1,0.4101499319076538,0
xZYS-7LVJ-YxPYuOoZKszthi47k.png,1,0.9112280607223511,1
awxG0GYxWEbn8KLmkcfZJNbU6-o.jpg,1,0.7241532802581787,1
H4B037t1Pp8w4KLrxljAEx210Ig.jpg,1,0.8655539751052856,1
WwAjZco72sh8U-qCVveUYYU5y2w.jpg,1,0.4027693569660187,0
PCYoUnM36xOHYlcZOigOZUDSot8.jpg,1,0.7289236187934875,1
QonGxYTALAOKlq4BdqljdEGWX78.jpg,1,0.8600991368293762,1
ecSA3__zyH6G1yXDaI3ipGpDdag.jpg,0,0.10861433297395706,0
hcviF0f3onCCMHBIgNWvyjQU2mU.jpg,1,0.30023279786109924,0
MFECTsTawJ8z5qn0kHcQbLusrhY.jpg,1,0.6807661056518555,1
xCq8nShF2SHNd24YZGIUzXuecnE.webp,1,0.6944071650505066,1
Kkh5KEQ8JrE0JtrTIki90W8SeD4.jpg,1,0.04225284606218338,0
dcgCxPrgh66J7HO7Y-Oj1xH-EZE.jpg,1,0.6559277772903442,1
MkEtLc6U9rcFy--cbm4EKZN95gk.jpg,1,0.9999871253967285,1
u6fw9b-kW5qtLDLWEbPd3TBvLik.jpg,1,0.6785147190093994,1
UwJIOJ93AIVEj5xcLeEGp2hfP0Q.png,1,0.49111196398735046,0
oAYmfO8n9CKw7b0wn4cmCfoLKY4.jpg,1,0.6656632423400879,1
v6rVk5K-08Q7GHFMCikn_WQ4OuI.jpeg,1,0.867481529712677,1
_UMfs1_th24VK27QVXuJBuHVBB4.png,1,0.32513418793678284,0
uQ-Yrpe6lCIJjwTMTW5va_voZ9c.png,1,0.25652942061424255,0
No0oMEdVvZ8qTx-g6Ve0P4DGJ6s.jpg,1,0.18690277636051178,0
KBFuouprN5o9QXIJEQI9S22MxH4.png,1,0.6573594808578491,1
VuKlzCog_xl9laEyE0nSssYrj80.jpg,1,0.8376249670982361,1
5R0gFlDFLUaAyJ7IS1GZPiX_AUs.png,1,0.5985115766525269,1
cvRmAqy9n1uhfIqZ8miU_sCE8Yc.png,1,0.23337800800800323,0
ysoW445UpA3cue-_7rGyj2XjbWM.jpg,1,0.9881466627120972,1
XTKfCaG-x31vfmqJHA285xRm6JU.png,1,0.5297991037368774,1
M1-zTVEo-fHO_L6aplrtUgt-pz8.png,1,0.4750402271747589,0
YZOQHsytbXsPhc899X3Y5R8XEAw.png,1,0.7813255786895752,1
_UnvHirGcmmj-teG0CmUBFY-igA.png,1,0.26292940974235535,0
AHu1U1g8tsRufRgpts1AbxAwlrU.png,1,0.4251496493816376,0
8PtpfVDIjEKyvi4Lbp9CgdXr-8k.jpg,1,0.8238730430603027,1
DY6e9X8lalxaGphV_Mto1DBGCSQ.png,1,0.40551358461380005,0
h6C1IdFfHHh-XXacFpmD3B3zF0A.png,1,0.21188390254974365,0
Asgw4AB7hoUEgNXNG2s9x3rk1AQ.png,1,0.23920117318630219,0
Qj4C10MnFI-SA1C_575eCziP2dc.png,1,0.5816369652748108,1
XQG-lcRIDTkpMuCdRWXI7bQS83k.jpg,1,0.8196908831596375,1
ldDdni9fJRlGkMoaoDhJiGkHpgk.jpg,1,0.3454117178916931,0
hiHxXbzRMffGvhoCT3af2E30L9E.png,1,0.6811546087265015,1
w7GE6tQG-tardHZvxyP7daNbSoM.png,1,0.9507195353507996,1
jPgDbGwp_0gF3Gifw1cj_eRFCFM.png,1,0.27209585905075073,0
tut1zLmznnLd2StpRIHoyjKB0gQ.png,1,0.8652514219284058,1
1ZIxVnn0yyDc-6ZDKJw2UfZnpfg.webp,1,0.781272292137146,1
hY7ylYIZ_W_tlIWGGnFXA3vqj0A.jpg,1,0.8439069390296936,1
69KJqCvCZbPqwcCWHIEA4nANTl0.jpeg,1,0.5647240877151489,1
qlAqNiwe2rr9KFoHGU1GxLVMx3A.jpg,1,0.7802879214286804,1
q5KDl6TElxumC4UsIlde3txAlhM.jpeg,1,0.8440394997596741,1
rY9Gxq88-vAZhWQ6TogZv684omE.jpg,1,0.6380413770675659,1
6eCb973MkkyjUBDOj5_kjo68TnQ.jpg,1,1.0,1
uhQ3o9goRxnsCNsLba3xE7eEjsk.jpg,1,0.9060878753662109,1
0FxfodMQhALmSmDhMDGnU37HHlw.jpeg,1,0.5829111337661743,1
T0QV0V_GOzgcwod2eTcWg6kJa4s.jpg,1,0.9960141181945801,1
uCAKCYXVDN05yw5-1Q5TOD82q64.jpg,1,0.7572629451751709,1
sfOQ1l7DJ57xejSNu3p8_KyqP9E.png,1,0.9904361367225647,1
n2n_8TPMnPtuBcx3-u1Ll2PvK3I.jpg,1,0.532318651676178,1
X-SlWSoUCU7R0AClNAHaOA5qQrg.jpg,1,0.7881013751029968,1
8g05mhZTsCBqPXd48uyrfhKTWk0.jpg,1,0.4094070494174957,0
2POecUK1AZZABdj1jJ8Na80qYKQ.jpg,1,0.3097527325153351,0
VuNewEvqlfhD7Ae_O_EVvnTDjMI.jpg,1,0.7754346132278442,1
UwoBMAK4bGfDmHIAuJ2en1URKJI.jpg,1,0.13549914956092834,0
9UOgFW9_HgkNjaTXb2l_Fc10_qU.jpg,1,0.9996156692504883,1
nV_RuYJeoEsn-Gt4x5Y1fAC7zxs.jpg,1,0.7864988446235657,1
3qz334h3Vgx5VKNUPxxMxAdom9s.jpg,1,0.9990222454071045,1
3tmkzn1VqD2YdVYOm6tWJ-hGt2A.png,1,0.25528964400291443,0
mLyaYv11RjJ1VCbTot1UAusnru0.jpg,1,0.7331621050834656,1
0qlqCly0ub5l89XqmCZVGrq1cc0.jpg,1,0.7434237599372864,1
gTt0WrNnUD2poao0SrHWwy51bdc.png,1,0.32413560152053833,0
mY7qpROTgeZSWEvNbLg0l1Fx47Q.jpeg,1,0.6395935416221619,1
LoBYo5aTPglVhjHFSmSeoJjnJNY.jpg,1,0.3974727392196655,0
Rq9ejMj7eLhG1WDtI8Szs6zEoU0.png,1,0.9420679211616516,1
aRKHNn6VkYnEB0MQDc0l3ZCXtbU.png,1,0.732699453830719,1
92HUjhvxzQr1_oya0LfujDGB_hk.jpg,1,0.991614818572998,1
Iy4iyDe4-8ihjQSjqHQZ1vlePnM.png,1,0.10206152498722076,0
uHsu3sEYyLcIniJxq9pO9ZSz1CY.jpg,1,0.7760788798332214,1
83X1oI6n4RlRNypbMJGZnfEVXd4.jpg,1,0.5897499322891235,1
R7DiAFuYhUwUN8umdtZPprvDBsM.jpg,1,0.751130223274231,1
2sBKQZ2Ha8g2ilytAqyzTI5sj2M.png,1,0.7355547547340393,1
YvmPQCoDQV5WktEZGDijNyNNhU0.jpg,1,0.4371965825557709,0
LtG_zGW0o01so26cyKkTzwE19o0.jpg,1,0.9842529892921448,1
pOWr6oF3bZOXhDBJyCw7UI5U2SI.jpg,1,0.44594401121139526,0
vgRQ07g8ymjZ6YGdPGai93Ig3Yo.jpg,1,0.9806749224662781,1
9E-MLzGMUodm8PlhDKDDzO7DNnI.jpg,1,0.16688872873783112,0
Rnnw3WJDSK-Dy1hBO_uzztZ1XFU.png,1,0.5824870467185974,1
jeA9YaGgVNxOiQ1Padfgu6FUB7g.png,1,0.24673061072826385,0
VhDXEdXiz4_faZeZW7E5iAQ4I4Y.png,1,0.3835519552230835,0
8nzmfUxn6dGexG2uG4KbNxIbWQI.jpg,1,0.9986563920974731,1
FruyHtQyTm_6ZeU0LJbKo4Nb40U.jpg,1,0.04152415320277214,0
iQ7-TQt2Tp53cchBTwJ6famoiYo.jpeg,1,0.7993176579475403,1
1lmU_NcV4JU_nglI0U1qQwtQmHs.jpg,1,0.7141359448432922,1
6-HkFY72BI_khPK_9uf4Mn_1xVM.jpg,1,0.8394255638122559,1
D4wTc3CApbTTIOrZ7YMQ2eNwyBQ.jpg,1,0.031154293566942215,0
uuhZi5SLiev8UyYubM7i5g400C4.jpg,1,0.9834979176521301,1
Xdh6PmkCPnuuAgjPpbxNLkaMork.jpg,1,0.5797992944717407,1
9p2hLoy1Pbx6ERDaLmq59eNbz08.jpg,1,0.7840782999992371,1
3PkzLsdmIopl5eHBym--LkEoJEA.jpg,1,0.8892205357551575,1
WUwJSIgOQieyM1yPxtE7l9puVyU.jpeg,1,0.5379024744033813,1
b3Lhl-93gfCa8Gn-R41z-K-GVUA.jpg,1,0.4146524965763092,0
7HXP6t4mRZ37St2QX-3wEK1DJd4.jpg,1,0.6283128261566162,1
hR-24O6q02n4OviWoUN8iwY2H5Y.png,1,0.6563447117805481,1
1ABZr--gHS1_hAbzMgsl9TlYgks.png,1,0.7045143842697144,1
4PPWZ_Co52RIyVVZJgv1QbotAfY.png,1,0.6575080752372742,1
zpRgJfBSWxRv_4Uzfyv0dPTxQyc.jpg,1,0.8905981183052063,1
bRDTGThZBWqaf5lzTHBuWvyUKwE.jpg,1,0.9344410300254822,1
BxszzfxBgibM3vfSLDmK1ZVEZTI.jpg,1,0.6837369203567505,1
BCwJiRkhQJBB7tnkhCdvfUEwDP8.png,1,0.707313060760498,1
Y0OiZfJq7GM50yQ0RlwcobVaP-Q.jpg,1,0.7191357016563416,1
j3oyJYcrR7hVyQJaNO9ZEw4vxas.jpg,1,0.6626432538032532,1
4-4O4Q9AdlQYPHd7ERqWJ5Bf6fw.jpg,1,0.4964352548122406,0
hcuC1u9ATIHlc2vLeYiOErOvEL0.jpeg,1,0.8017612099647522,1
4kV2qEYCaArQ1TCarCy7sdf6Jes.jpg,1,0.5804784893989563,1
twbAdsVsKGzc9535bEz2--F5kqk.png,1,0.5784628391265869,1
2p0RhKCHcKbFDkvGrYCixS5fTms.png,1,0.9667379856109619,1
KX-wN3Jc2Cm_fmxvbl71dhJw8qE.jpg,1,0.7813153862953186,1
eCSbGDKcpxTB4mUCvQpxF1oePcE.jpg,1,0.6788177490234375,1
sngEJxkzB_TyIyYlBt9lyv5bPoU.webp,1,0.7446123957633972,1
LyqG3TUVFB0dTA9k94dc08vgEo0.jpg,1,0.8975945115089417,1
88ZQg_W-EN0tPSCJsJoJUzg_UKY.png,1,0.6634953618049622,1
DLdHbwKqqFDahaE-lH1Mn4r3vDc.png,1,0.998023509979248,1
MdrGrBvefFPD6x0ej_Nyda7alsQ.jpg,1,0.954094648361206,1
KmxAh3puexGlm_-SUBqaH7f6hec.jpg,1,0.5583563446998596,1
IyK7GYAQx3r9tNE4BadnPqwGw08.jpg,1,0.342037558555603,0
HpjQnR3K_TTakRnrdIX4Xtoocxs.jpg,1,0.6488949060440063,1
50LjOGS8dx7vucbBrBMDTsssWyY.jpeg,1,0.8691889643669128,1
SRfvibgzc7ol_TBsgn9mXIpIUQg.jpg,1,0.9188843369483948,1
Gt-BbcT7pYkvN9S7zldyjmuOxCQ.jpg,1,0.9352167248725891,1
IGGUpE756TMbDhFaCqHo4RP62sc.jpeg,1,1.0,1
wcbyVTxkGbr-kr5sfzbFYJSADVY.jpg,1,0.7934160828590393,1
M7sevPpgkcO4x38mZ6n3A6vvaug.png,1,0.8345810770988464,1
2xch3lGCBPnh0fn9F0_cpPRAOj4.jpg,1,0.76611328125,1
ksDrDsuuQ08q6xQXTGL-DFq6QB4.jpg,1,0.5302268862724304,1
oe4BdvYiVpQ2Mw8WEbjV92TP7Yw.jpg,1,0.9863559007644653,1
rQ8fEUgPXnxn6S_23wv4cI7Yb0A.jpeg,1,0.4982001781463623,0
3nA_XOb5Nez86z_w9YUI8pz0_eM.jpg,1,0.7523753046989441,1
SPXEwQLmYrLwHcy5BljJQDZ7GmA.jpg,1,0.9362459182739258,1
Wn9S20nDD40twBQMHnjQZnPKi7g.jpg,1,0.3452771008014679,0
afGX0tR6PDMCp-DpGQJL8iMpbIk.jpg,1,0.5039303302764893,1
Yk0EvkROIQJmcM_z9wF8k-bXGlg.jpg,1,0.6815375685691833,1
dwa-KWtcjVzSAJEI0q0O_4schGU.jpg,1,0.8235753774642944,1
oUNImgHz9r1McrlYFXhP9E-2DE0.png,1,0.7123000621795654,1
v4rVvnmfyW1HTRCONy5Lddn7KbU.jpg,1,0.9703464508056641,1
rUr2L4JPYmzC1ZyKAPX_IQAuS4g.jpg,1,0.4346998333930969,0
bFSMK5Y_ZxJYfq7Cc0gp3-r9o30.jpeg,1,0.7590628266334534,1
4zog0oVrQ3_dBRZsuqIvSJUNQsI.jpg,1,0.43672823905944824,0
yAfBtH2Ry_YSrhjdreJchbSgtiU.jpg,1,0.7879567742347717,1
sFrWDRPYNDGOjIgjbfYP5UAB4I8.jpg,1,0.988416314125061,1
x_vsT3Q3PtPMO9KJQ2ehSing5IQ.jpg,1,0.8420584201812744,1
hZPyKbjG4SYUzOCBi7o1V-u-T7o.jpg,1,0.9649742245674133,1
2jWy06BdmXdruCkIlwrB_iDfU5o.jpeg,1,0.3980293273925781,0
wznxwL6FhWyy58GtorMsqlWjQ4w.png,1,0.842986524105072,1
zTb9Tp19fsjILXX2UOJgdjXNETI.png,1,0.40559688210487366,0
fd2MMl8UDQ2S3DbZEYF38zp6kcc.jpeg,1,0.9448049068450928,1
YZA5nhY8RZLUFO6-KHoRJ-qLtn0.jpg,1,0.9919869899749756,1
BWuhRTPmB7D07ThwezQAyQvb2MI.jpg,1,0.9590110778808594,1
X-I4ODXt12g7oYHwIf77VQvbCr4.jpeg,1,0.6025629639625549,1
9biH3rMorbMoIAqbEkvnifSA1x0.jpg,1,0.7600064873695374,1
Pmg1mYE4KjUfhT6HsAZ-k9LKF94.png,1,0.8875042200088501,1
k3lCNWDGbespNWUEWBIExFWhtFc.webp,0,0.9973912239074707,1
gGVXeS_qCHAug78wkGTc8eFkEeI.jpg,1,0.2784997522830963,0
meQCoXj9S1IEJuJMd7VpM2rrT8s.jpg,1,0.4781840741634369,0
RWF52TmWA8EYBu795bcqsPprero.jpg,1,0.9720190763473511,1
EKI6ppol7uUc2F1SiUB37XlmRT8.png,1,0.9225311279296875,1
ADOJQHFptg2YCA3FsDpuLUT1ybI.jpg,1,0.6358726024627686,1
_UsxJ82yLM-nznx7cxx-fXSMRSE.jpg,1,0.5962526202201843,1
YtoxaXHx9rxDL5-h3WgNJ1X7m1I.jpeg,1,0.2574310004711151,0
iJtD8h40Jz2cYAMkVqRzuBrvOvY.jpg,1,0.7208055257797241,1
cvHvPG7w7hBhBts-ErrD8Wocelg.jpg,1,0.7328402400016785,1
ENDqYjLIoruuAZtdBz1SwVnHENo.jpg,1,0.7871548533439636,1
6c-DgXsiQdbnM_M0g39rt6f1lBI.jpg,1,0.6634143590927124,1
1isYC4ZPfwJoG7ui8I3kJDaPzvo.png,1,0.7622288465499878,1
BpeTNvccvGLim007m_Y8gURieMw.png,1,0.9776451587677002,1
4fm7QV6fqiN4VuGyEzTjilo_0Xw.jpeg,1,0.7505539059638977,1
rmAUZpJGQDnuBbyhG8WPqXdvk5w.jpg,1,0.8666675090789795,1
uOHMPCtuTv6lBfYZt71f-Wjidt0.jpg,1,0.9493124485015869,1
1YqybghCsOj9dbpcpCIkW5shZWw.jpeg,1,0.6597638130187988,1
49AAvO9SQ8A2LVnkQic3IFYsCSs.jpg,1,0.938759446144104,1
kTwDtOKt5AYz8GZRevttWPdnhv8.jpg,1,0.7971572279930115,1
UUHl8Y3ZXtSHBGlcPexHzQI9guE.png,1,0.3275130093097687,0
9EfqQwHjCiYsA-F7ks-KNObg_QI.jpg,1,0.9067325592041016,1
HDI0H4VhDQMlQiuUQQS7z-4tuzc.jpg,1,0.8167446851730347,1
FjfjZE6EAU3OafdFkniQ4JCTq1s.png,1,0.16296684741973877,0
ChT44_CbarIE3jX_jYJW2yHujSU.jpg,1,0.8389133810997009,1
3SwnXF0DKXmkdla4bwWVLpKcRyc.jpg,1,0.6955572366714478,1
NqsFRMnvolHvKij024LRvF4FnH0.png,1,0.9966057538986206,1
LG6THtcCbECwg2ndaEw9Ocb7bUA.jpg,1,0.5994126200675964,1
fziU3Yto1GOaAxHHsDKfhYlh4rU.jpg,1,0.5358558893203735,1
nBOVKtJaY46mv65aNm6BSPTfHf4.jpg,1,0.6836727261543274,1
Zc7oG54AlY_32fc_StgOhLsEVqg.jpeg,1,0.5667791366577148,1
CIe8hP0BuortkI2w5MiCQ91wZts.png,1,0.7400394678115845,1
b9MlDxmobteLeEGvuXgWAQ-Mi9c.jpg,1,0.4197882413864136,0
aeajoYXJsvum_lUFH4Qph13QrTE.jpg,1,0.7055498361587524,1
jxHKcTru6i116yvFQzz1ntWuL8k.png,1,0.8001946806907654,1
FZuLyvb8ZmNcTBctyRM6difIfsI.jpg,1,0.681024432182312,1
kr6AdhD-lOfvaMMKEg0SYviIGsY.jpg,1,0.9880395531654358,1
2w9EJWhVYV1vn23r1caHn0N9j5w.png,1,0.5521913170814514,1
LPuTLfqE2JjhT1leWmWrubKRwFo.png,0,0.4293132424354553,0
3EnSFv7qYq79eak76opR9fe-Nx0.jpg,1,0.8894520401954651,1
1WlhRquGmrZcc1ToxS4FE0QlcD8.jpg,1,0.5253407955169678,1
Zw4OIRj4S4cyT2YS8opP2p-MGM8.jpg,1,0.7254633903503418,1
k2UAxjpZXZAaowd9bbqB9A3MZpU.jpg,1,0.7469053864479065,1
zOtthWcRq0Y62wkfwmfNds4xuLY.jpg,1,0.9914448857307434,1
YO6fXMqFyjBgFfx4EhfW0AOUOPc.jpg,1,0.9966018199920654,1
_Vi0UwHbIFsEbBR4BB7XxRLD_AY.jpg,1,0.9367963075637817,1
_30oHpKgtDUkjlEfwl5Ej6B6eaM.jpg,1,0.8612507581710815,1
ZkGs_Ax6kNFKq_0XQc1DzYIi5hY.jpg,1,0.9899167418479919,1
SovL7Af1u0NYp_QMahrmVcwRh3k.jpg,1,0.9217962026596069,1
45AgSUpVmgB7t4Dn5-_m625lYqg.jpg,1,0.8952405452728271,1
5c_BQG2vQVl8czoemgaPIkf4riI.jpg,1,0.864132821559906,1
fbe9yyKkRT7b_KxovnEpaKcUmu8.jpg,1,0.7705568075180054,1
7xCzGzkTUWqo2IVuo5s7Af_NEZI.jpg,1,0.6812202334403992,1
8UIshZ7lJi6HkWTwewtGH-A_eLU.png,1,0.9991886019706726,1
Aqa4Z8xiu-cairKpbfM-R8Lm2eo.jpg,1,0.8415765762329102,1
N9sJ70Yt4oF8L6eOzr7OcBuuV2s.jpg,1,0.2521798312664032,0
JC8HR9ghMvNtk7Fsy7XN1lfPyuM.jpg,1,0.9579611420631409,1
IU5q3BGLP-X7ykWRxitsT9eOzgU.jpg,1,0.821463942527771,1
kqati_ROKFf_jx8Nt59iN-FbqgQ.jpg,1,0.5807489156723022,1
JeE2HhfOt44RqE7111b12hhBT2U.png,1,0.5997633337974548,1
IDRqYfhIQHAexRVlP8wL51bll44.png,1,0.9125118255615234,1
EMus7aqHC8r1ZOogVhUFW3hmvEM.jpg,1,0.9483489990234375,1
fgiTlQ2fJK2OY3Zad3pYh7z3G6Q.jpeg,1,0.9983695149421692,1
niXZuCiZcMPu20Iw1wwqHPY9tO8.jpg,1,0.6753950119018555,1
i0hlvpeXnEefFHnCv-LXcVGa2Ac.jpg,1,0.2616148293018341,0
dklA2ssR5TGkEffCJ6Z-CCmerSs.png,1,0.4082185924053192,0
_ZaM5whyPoev1CCIdrblghyOQns.jpg,1,0.55521559715271,1
Bfzfr8K5sPV5vgmWdHN4q3FUFTE.jpg,1,0.7604849338531494,1
is-y6ifrY1aK5jXc7cW3kfdCahc.jpg,1,0.4093412160873413,0
BzaXRl61H6kApNMbIhZfdbQKkeA.png,1,0.9974465370178223,1
URlhdnpx6mkATcMJFPcHAfmkc7I.jpg,1,0.7023561596870422,1
TjIORvIXjIg67wtDIctBKkSrPs8.jpg,1,0.9113707542419434,1
jI0FgR__H5BAzyaGOMldDzmi0FQ.jpg,1,0.916333019733429,1
r5S2oH9bNIwdMm1I706iBfhjfQA.jpg,1,0.8134744763374329,1
C60ytmz3WsmIAnCh1V7h1-sPOxM.png,1,0.5176164507865906,1
Fg2wqO4nYwaKjg6SEkSJGPHny8A.jpg,1,0.7162421345710754,1
hQ8Tr3cQ9qYe4U4FN2qKpdAIrkk.jpg,1,0.5613586902618408,1
aaZn4V0HzZrdb4JGvs1qxLsIAUY.png,1,0.709357738494873,1
zZjmXr3n8Ye1IpVY3LljCvDxsdg.jpg,1,0.9116792678833008,1
kP-qE8hYoSywv9czeAckwMoGbcg.jpg,1,0.7198683023452759,1
mR7YadRW_Xu2AaJ9Sx5hgn0R59M.jpg,1,0.9092922210693359,1
c1DVk98VHjpJOPZFOPS9NgCBrRY.jpg,1,0.8976638913154602,1
6CHSgdSSdebpV-yI1N-BaWcC5Uo.jpg,1,0.8447914719581604,1
ZnSfFhKmEJOeRoi_7BOU86MLHj8.png,1,0.8555715680122375,1
IJ_CgHeAUh68Op90Tm39f5FwsuA.jpg,1,0.7494252324104309,1
M27sCeeh-g-gSUORzq5vettgGbw.png,1,0.8714531660079956,1
wIecpAKAL_Jd-Pfnoqd3d_RuNhs.png,1,0.87642902135849,1
Fjt02NyTx0aEGqc-blLSm8MR0To.webp,0,0.48994094133377075,0
MGmDGFA5coPuCbGF-5N8RUXjD6E.jpeg,1,0.4677371680736542,0
B2diedt7Q2V2Z4__kQR_61fznt4.jpg,1,0.872808039188385,1
IGuypE97__z1t2ML1keW08bW2Po.jpg,1,0.7004007697105408,1
DNK5ReTKDkyslU6qRI7jvdPxWdo.jpg,1,0.20026306807994843,0
trRWl0IdJQskEGg2NsIQKPHWOvM.webp,0,0.45357680320739746,0
myseeThO4VQINfSzUorJ07bOlgA.png,1,0.059057608246803284,0
yiyedc8XgLj7VZtcmlOSuBnGjlM.webp,1,0.6078507304191589,1
eOFFsH-svqBmf2UlJVOfdpC4nY0.webp,1,0.39225393533706665,0
LeUMKy2I2AEJTT3jmMURlBhZIn4.jpeg,1,0.39546385407447815,0
8p0Hg52nkQxFnHvo1QMPqcG3XiI.webp,1,0.9216700792312622,1
TRjKAxCHJq1lU0NaLjXRWwPbESA.jpg,1,0.9009099006652832,1
dbKnW3dkseGop2zfywnLgrCkMfA.jpg,1,0.39517220854759216,0
iDfX86UuHwUSeg5775s2KGFnOBk.jpg,1,0.9999978542327881,1
yd1s1pytMCIdq0GBMlIQA98fKB8.jpg,1,0.30502206087112427,0
D05g2OAuVwBEyp62CsebTpeSYqQ.jpeg,1,0.9938532114028931,1
dTezrX2MUCtoRJ5NIjsd8mQPeMY.jpg,1,0.965218186378479,1
noU8oNBdt8OzSXXXhn2GeBdbRnk.jpg,1,0.862286388874054,1
F5ow68Pj_R0gbj5JxhnO5PLVVb0.jpg,1,0.8772397637367249,1
Vw2GbWRTkjzxt73jIEFeAPUbDc8.jpg,1,0.9999490976333618,1
DKazU0thWA-1vGD297cOB62U9Pg.jpg,1,0.5046319961547852,1
kaKG8H2scZhd-5YefBLbysPVesY.jpg,1,0.5127931237220764,1
pmUaJ0ShPG6a4_w7x-dHW7db0sA.jpg,1,0.9672101736068726,1
5TSz5YYCtnRp2Vz01KbnmgCPZws.jpg,1,0.858313798904419,1
r8yYhM3jUXSosjZRfxLksYRtfo0.jpg,1,0.44141265749931335,0
Dvap8Mx1OxBKC6apWUxZh-qdp2I.jpg,1,0.3516540229320526,0
Pw0Zu76G1FkBdYrZng4UtmSyOe0.jpeg,1,0.868166983127594,1
o9hLHrWGWYMOjK0VcPzN1PWZMHI.jpg,1,0.6212650537490845,1
SzlAa1gwfNmiywuZpXUMA4fI0-A.jpeg,1,0.8783444762229919,1
aOgqwukGD7MBLsikNkj4PrqFHys.jpg,1,0.6952832937240601,1
_lzTwJ5wPYEeM_KFA4s5ugzHB-0.jpg,1,0.5890868902206421,1
j3oaQ8uB1Pa7D7aNoxlqBbsYQsg.jpg,1,0.57132488489151,1
xH_2t-qqiYKmf6A41JLIqpjTO00.jpeg,1,0.23712465167045593,0
O81tjWhQzyK9aB6rVy6RE7gR0D0.jpg,1,0.20044337213039398,0
9wGKTf55hvsbfiUuZJHc1K9ABNA.jpg,1,0.6676464676856995,1
twIJj_sOy1Oi6RGHmN18Zs747JY.jpg,1,0.8345960378646851,1
Yg2mU98Aq8k61Oz8FrELkRGpMf0.jpg,1,0.38747134804725647,0
I-FIPW1Bbgk55U63C8CEwXp8Ni4.jpg,1,0.46128469705581665,0
8swX0xuTGFPphHp8943uXGk6OFs.jpg,1,0.37578701972961426,0
bH9pL4EK6n6JsgdPsX3ikZvvqXY.jpg,1,0.8700103759765625,1
NCAaUbjq82ShDryhWwrPj3DZXbg.jpg,1,0.9888361096382141,1
i8kJ427Cl_ZT6N05lf9XrMIeW2I.jpg,1,0.6508475542068481,1
UQNecZqF4dU_26CtVlpODKy1Z4M.jpg,1,0.3969340920448303,0
ampS-OOf8MCMFj1NYvfd1i6DCJc.jpg,0,0.48751044273376465,0
bKz-eRlp5CuXMeiZu4WzSbr_W4A.jpg,1,0.8924911022186279,1
UG6nwAmuCyR5u2ys39MTrwRAgrA.jpg,1,0.8960159420967102,1
9l_Qv1gBd6xVL8PqhwBwIYF_qXs.jpg,1,0.7125433683395386,1
3A0xH_e-tvvsysW4Lj9Ad4tcydM.jpg,1,0.8796178698539734,1
bDbszs3WAEpC5fEiY59vHU4FIHk.jpg,1,0.7179902791976929,1
ZTGEg_mahTSVJmgMwpkdgjhEXWQ.jpg,1,0.8701902627944946,1
7dgpC7Xochn9qJfqh85T7K7ihEo.jpg,1,0.5555218458175659,1
BLoii1fG88RyosTHxmFD9G5y6QE.jpg,1,0.5589295625686646,1
ycsHe_FtEB2_WbpFCVO_ILiiIjk.jpg,1,0.4566004276275635,0
QF4WTm9sz2heS_k4F2K4ZMWiJrg.jpeg,1,0.5671752095222473,1
Brqx8ryEw4CgMXofLKgu5T1pTAM.webp,1,0.9969141483306885,1
HbGVhocmh3FAPIoMexfSPsnC9MA.jpg,1,0.17758715152740479,0
bvUxhRP3mLHmF3RuVifF9sSGf8c.jpg,1,0.9212825894355774,1
284G8WHVyKYVMDyzcCe5248VMK8.jpg,1,0.8559107184410095,1
xHurhgBWe8DCubL4kBORxycwyS8.jpg,1,0.38888582587242126,0
oK952rLPA2PBPL7ohlVGnHoO_BU.webp,1,0.9962242841720581,1
1frq77IoUAr6AFoTRjZHQopXX30.jpg,1,0.5548334121704102,1
xVkmuh3NISsMob6KOSyTWkJ-cDE.jpg,1,0.09879283607006073,0
GasS0yXnH7IHFSWx2sUeiMk5oSA.jpg,1,0.939273476600647,1
RZ-nECl9jd7hP6dDZ0kbxtw1tD0.jpg,1,0.6507787108421326,1
ajN_73mcokSNQkP3XyvfCUHCdfw.jpg,1,0.8031497597694397,1
PAbodBzds6vgarJ-qlnyGBEH9Ik.jpeg,1,0.996711015701294,1
iTu-J0tRmT8kWiqpYuQxkph2hP4.jpg,1,0.9437690377235413,1
7QHiZGa_D_iG7yiGVj2kPaA4COQ.jpg,1,0.469767689704895,0
5T1U1cBTNFsDPMQiWYbiWbVlOSg.jpg,1,0.2990652620792389,0
IFuIeVsbbR-oztzZ9oorPerfIpU.webp,1,0.9732321500778198,1
v_GiAl5IQbKafeklLd1FDVjxj0E.jpg,1,0.7475639581680298,1
GRiCGjsRjVZXM55EGj8pgRfQflE.jpg,1,0.3014935553073883,0
O8lCDl6qbHl7gjOWQpiEu91aNZ8.webp,1,0.3555568754673004,0
RpKRSLkIF1dlYIYTDuW9AhayntY.jpg,1,0.6964062452316284,1
tb7QoglHlha4b3U-1i0I4pujWtk.jpg,1,0.3817709684371948,0
o8kDVInXv3JdUyGn-S-_1R1KTlo.jpg,1,0.9886809587478638,1
WxombDlnWRXXh9kYB7pkhQLK6wc.jpg,1,0.7042694091796875,1
JnsIauisfrlcGBL6jaxfBMBoKTc.jpg,1,0.6067310571670532,1
tDfo9KGag-ak6_a9Rfvywlb62xI.jpg,1,0.7589375376701355,1
JCqtUi_fIQ-ep4huGbC36pfKGIs.jpg,1,0.6877743005752563,1
K2Pt0D2oH2Xk077vkxQnabaR2yY.jpg,1,0.893001139163971,1
i6bTB7rOatRHYQ7LOFAFgDDPFjM.jpg,1,0.9999983310699463,1
gIh8z6Wvcz2PXoKrpe4o3jR2-YI.jpg,1,0.8741408586502075,1
YyCHUcHfQeTZiiF76pTklXEcPfM.png,0,0.905060350894928,1
f-aBwqPHMiUneE3Nkt6FvJl5z60.jpeg,1,0.778584361076355,1
zofTWnDwBVEk3Qv6q7bvNBIv_qw.jpg,1,0.8648965954780579,1
_7swj82hz6JK1CqwtpnQ5UvLCIM.jpg,1,0.20417986810207367,0
oIx50299HUc0v1XpqcMnqNpgjvk.jpeg,1,0.5744409561157227,1
gplG-QGbPeb-pKUXJLZa1jVKIOU.jpeg,1,0.9963198900222778,1
zhoLKfT4scbnEDQXpURRcQMmLnQ.jpg,1,0.9999395608901978,1
sRxg_8M6MBT8OUNCIdYK0GzEYIo.jpg,1,0.41828617453575134,0
9Kp_KDUPdw7UWVjfGLFgnqHoVYs.webp,1,0.7830900549888611,1
2H6OYUU2pnk3Ps5DPMFWzRYeYTc.jpg,1,0.06014757975935936,0
hUV_O0Rsv6k72uSssvHZaqpc18s.jpg,1,0.9063578844070435,1
GRVeGdyWGhxPPqySfFnxySusOpo.jpg,1,0.4053022563457489,0
dYqbuV0rj2Ao4xkxS6966tQkxzM.jpg,1,0.7226271629333496,1
LE9PE7qeCtAk6rahNkatiCm8hqw.jpeg,1,0.7998681664466858,1
QcR06SQF-7lv2upm0r-kFnJUAYI.jpg,1,0.38946735858917236,0
dadAql9OUh8FHBRPveqGOAN0COs.jpg,1,0.8331477642059326,1
PyEf529cydA12hRAHGmlAqJMDa0.jpeg,0,0.39922142028808594,0
u_ZdlsIj8Qj-TEm2bpVJPBpqUg8.webp,1,0.9257779121398926,1
ym8tUeRV8zS0E0a9Rzr6RW0yawc.jpg,1,0.4404563903808594,0
8_7tV82EYVSOUh_M4ECSzBCU7Ss.jpg,1,0.5325647592544556,1
o66ZGvrdiMSEvfM71wzl2yPbpm4.jpg,1,0.6120023131370544,1
3H-LKUVqk-gxjXw01hjOk09NsnI.jpg,1,0.9621172547340393,1
lJqDMsAzpBCXpFiLXPw4R2If0B0.jpg,1,0.421535462141037,0
w0sm1p-gatgvhIa6FoSsz-xmwbY.jpg,1,0.6393348574638367,1
G9zlNpmh1LRvWriYjZtdoGNIjDM.jpg,1,0.9999210834503174,1
hDcAl-Z5brUOo4pb0qZPKRi8FVs.jpg,1,0.9751847982406616,1
T7mnXUjnNryBHNByoTFJY2uOKwo.jpg,1,0.7595983147621155,1
VisKuRQMT1jmtCk_PXaOd0AkjEk.jpg,1,0.9476804733276367,1
imJ_z51ESpzW6ZT7kGWeOkGDOaY.jpg,1,0.9987529516220093,1
fFSnUz_wbXp6lo3cyuMQeSrP1xg.jpg,1,0.5028715133666992,1
7pDA09f1zOZCGhnVtmIhyNJybws.jpg,1,0.999872088432312,1
lfPAQqE-nK7N9VIcvIAnMaFbwX8.jpg,1,0.8495637774467468,1
1VAyDMuh_z7mt0wC3IOI7ZaqiqQ.jpg,1,0.9937875270843506,1
MCZ-ybQdxtd0PqWoKf1UOSOPYpY.jpg,1,0.7505489587783813,1
zNfQ2P40MDdYBfH601Z67x9QMGY.jpg,1,0.844539225101471,1
dzIajO5OlAtc3SSRiNhv_POZC0w.jpg,1,0.672722578048706,1
o9hI19TbTMTPOXpqRJ6UQf20pEM.jpg,1,0.831234335899353,1
YARtcOprbAr7MLzbEK07PP3nwHY.jpg,1,0.23157088458538055,0
aA8MxlC38Ldyo2gmfzMtIUiYjv8.jpg,1,0.9391279220581055,1
oWLY43NLG1ObfKImvQR_mPFTPmc.jpg,1,0.5431057214736938,1
xWU6G65Pm_YRNnbQ60N90QgNypc.jpg,1,0.9433874487876892,1
WOyI_XLyjB1yZqHtzlHoi6CMNlE.jpg,1,0.2736068665981293,0
JFse2olCoeDx_flpNL5t84P7FDg.jpg,1,0.16009923815727234,0
gtpQFvqAZl3Jjx8iz-MK5TazG6U.jpg,1,0.6580960154533386,1
8TwzN8XITJNcI2ps2jOTWlIjfcQ.webp,1,0.7051869034767151,1
pIC8frJ5cSvJQVzlePuWwCPx9Zg.jpeg,1,0.9743291735649109,1
Y2gEOauc0Q_cL-jY_sSWbhUWWAg.jpg,1,0.8933294415473938,1
00dT83vlxkrEJqPTpn1UKE96qHM.jpg,1,0.8871850371360779,1
a9w6ZJ9G-RptbuB4LfNhh8-31Ho.jpeg,1,0.14503182470798492,0
Fc8orDWB7oesoQ16qrmV0QOmO00.jpg,1,0.5319249033927917,1
r49UPT1c8UiImwk-HsPBGhMxVT4.webp,1,0.9824129343032837,1
yFhuiW6rdcq_HmcEcuJhPYuZN4Y.jpg,1,0.22739601135253906,0
3XNMH1p-aE1gcsq-dhcgniZAJE8.jpg,1,0.8843882083892822,1
Pax6cVAokz6A5RSEIyzBxTdkb-k.jpg,1,0.9492223262786865,1
Sea6BD22zscVnjLLfhhP6Ru-E_I.jpg,1,0.6911909580230713,1
uysd5hlOovb4w2dB303Gf788QXg.jpg,1,0.9578819274902344,1
K-ScRaZeJHiNy38jA_Bn8jPgghY.jpg,1,0.7812823057174683,1
7O-X6Vkbd9qoV5GDg3nMeOms6rQ.jpg,1,0.5117825269699097,1
vq1-uElxMhBLbo4biTr-iYOxKL4.jpg,1,0.8319244384765625,1
Qy_NsJzYsGGxokmJjp9lgN5xCeg.webp,1,0.9696609973907471,1
3QCj4Jjy0gzes1NzVKFQKFFLKnQ.jpg,1,0.7681592106819153,1
9v8MfZLs9EJzJBTzvmvZAchB5a0.jpg,1,0.718201220035553,1
owgTgV5IEE-ABLZ6l6fevb7gUrM.jpg,1,0.8492101430892944,1
Xux3qgg4Z8XBMMD42qiZPi0tpaM.jpg,1,0.581329882144928,1
f1n1m-CGWEpkIto6E8faR7AGYW8.jpeg,1,0.9613415002822876,1
qe-FG739JFSCxIy5fN7frEP4pP0.jpg,1,0.4752635061740875,0
mHMseZ7XhamLTql5rhihF_f0uY4.jpg,1,0.5738142728805542,1
5wlBnytBFAyCpgnaosNt2nvlG0Y.jpg,1,0.24781842529773712,0
sm3sBgqRhVk1apqew7yLVpgdzL4.jpg,1,0.47890210151672363,0
ebFKmvd1VuiSd0_BHg6fHV38s8c.jpg,1,0.21317140758037567,0
m4B0NZ3RMPkuayRNZD47uvF_-nY.png,1,0.6344188451766968,1
tivbBvGAKmuvqjoutvNA6L7K7UM.webp,1,0.4505182206630707,0
DCqrmk08pEY7h795gOd8BVloHiQ.jpeg,1,0.8088837265968323,1
iMmWW2yfvAl-RAnWBke0__oPqSg.jpg,1,0.8816193342208862,1
N3rPq2AdUd6eLjyevmA8W-i523M.jpeg,1,0.29380759596824646,0
eMrcsjys-nJakduiBvoAsFCqEGo.png,1,0.9781562089920044,1
fuGuQJWNwjNYV3TMIw1XIYB_26c.jpg,1,0.7391277551651001,1
hl5sSxmSR8z4E_a8McyoQq9-AYE.jpg,1,0.9595761299133301,1
Fa-rR9vnH95qItiwUOyMcV7NpvM.png,1,0.3991275131702423,0
pfypcrnsSUjtTGcHHD_PPf0cTn8.png,1,0.5165616869926453,1
-322KQyvVvotpGAL-uVrYzIa5EI.jpg,1,0.2819906771183014,0
hJyGm5QEGXHGSQEl4EZuRAOA-QU.jpg,1,0.8892629146575928,1
ryJ7zC-64eAkEJi_2LJDyjML-_s.jpg,1,0.5929800868034363,1
DW8-KPNFsZIBPCSPEQvbJvuS7S0.png,1,0.5779184103012085,1
acAaFkarx-vYgnwhldPoiyrPk1g.jpg,1,0.12413158267736435,0
kihIXcsK3SW7AwCxl-fMpgAK0fk.jpg,1,0.9172645211219788,1
X-73H5KplyZYRvMy8SmoUgpXNMw.jpg,1,0.6375123262405396,1
XLzHQMHWEHe8uSiG7z1ORIKcioA.jpg,1,0.7229022979736328,1
vXLxIw5zLDJXSc-AhZZjm3GZoqc.jpg,1,0.7288944125175476,1
dy_ORPozWUKZmvWUbSSRVPf6fMQ.jpg,1,0.34780848026275635,0
B-FCzwqpQ-yurupqL1Mad7YHVeM.jpeg,1,0.7703737020492554,1
EvLewyuWlCQ4DEZ4lNLOMIngNPs.png,1,0.8082422614097595,1
LeX4_DYhVDweFJgz0A0_aj9gRnk.jpeg,1,0.3690248131752014,0
46VYf6mBeWqQLi2n9kSp8rKZ2VQ.jpg,1,0.8657283186912537,1
JvgpqI64azFft9hKWOUvrfwLNu4.jpg,1,0.6735472679138184,1
ZN92kvievAqMBW-mnNIQ02mHkyM.jpeg,1,0.8132518529891968,1
4jC-pKM62kUtTeUhahjZlxANZSo.png,1,0.9807357788085938,1
sd8hfyOm2o5fhnGl7FeAfIRNOYI.jpg,1,0.41819387674331665,0
VmBv6xZ7Ul4jl3l_c51Tkd2Gjxo.png,1,0.9841901659965515,1
b8CMckRi3rKReFOOuEnAGyrsJjM.jpg,1,0.8739113807678223,1
_zVKpTDAhjI835Q-zZ60jpjxaIM.jpg,1,0.9489014744758606,1
VetPW1nfUsYrwwBlQs544F2ycJA.jpg,1,0.33664947748184204,0
Q-oyg5ppj1yIapElJCA4ALlH2CE.jpg,1,0.8801526427268982,1
5K39RA972RCjsR7kUb2wQjwRBzc.png,1,0.5002361536026001,1
fNuuugObaNUEWZC2Etr7nlbI4-8.jpg,1,0.9648653864860535,1
oZ40fIMA-d9lSQT5updG3h-WRkM.jpg,1,0.29294922947883606,0
M0q34ErojDf-ODwsYnGgfVsKtRE.jpg,1,0.6575405597686768,1
aP9MYdSVz-W4XGtvyXwnwVv9wPM.jpg,1,0.4932422935962677,0
O_wL5aS3XfNZ9HnYUqxUbOFuQw8.jpg,1,0.5486395955085754,1
3cMNgKhXYRiTYuCSn_LcP9j3XkM.jpg,1,0.7112241387367249,1
b-SP1kOhY165p5sr4L_olfBualE.jpg,1,0.5770817399024963,1
Tned3RbWZoUH6udZEuLOXipR1jQ.png,1,0.4017128646373749,0
6m4gwEtIrztMliYoVPna3H3l_4k.jpg,1,0.34064385294914246,0
4kImRjkkJdIQfGsTbB2CSRcOIaM.jpg,1,0.9758080244064331,1
ixbZiLczl76OTheeyj5Yb9DDaic.jpg,1,0.6931604743003845,1
maGgvRo4pO7_uW0zTGwJEh_Due0.jpg,1,0.7205834984779358,1
Ac0_CFGNrfF5Yeog6pnVKlCVnsM.jpg,1,0.7297570705413818,1
Ipkk6Maw73fKCG7N205zGQYGBms.jpeg,1,0.9152300953865051,1
aTlxRnJcObV638kUtKPvxgK6CYw.jpeg,1,0.7404937744140625,1
YNZ9uvzotQ_7NnTeUj9PpCN67ag.jpeg,1,0.9075077772140503,1
3r9NQ3XFw2NZZfEht0fIckLU7p8.jpg,1,0.9179203510284424,1
1yIid-CqpZN6vPOMzTJU7VUYVk4.webp,1,0.7031463384628296,1
UD_u44bgnHHSMF5NMWSQwMUrkNE.jpeg,1,0.8410215377807617,1
v2-v7KTE1RifUd0zMCeqLU8oXfM.jpg,1,0.9779374003410339,1
36SiHwK74D13nbfOIghQefOwsYg.jpg,1,0.8169304132461548,1
FjaMDISottgWqCBgQ4wQwOcBMKM.jpg,1,0.9996832609176636,1
bZOlgielIoxkeQDOK534C3pCp_8.png,1,0.6918660402297974,1
1N5QjTjZSyh3JNaSlUgZmdHoVmg.jpg,1,0.5266351699829102,1
cM6q1idHHrQ8pr37jnQkjSN_ZXQ.jpg,1,0.8914791941642761,1
_IrH-u_lGmTotNt9bCO3NKLZBr8.jpg,1,0.9938178658485413,1
cwH9j5ciACRyZ3eHRXpyv5fXTlo.jpg,1,0.4088561236858368,0
grL7RBJ4617XmRXhh_SnbCmfAeI.jpg,1,0.3876357674598694,0
3cH39kxbUW6sJ-0JU4igMO8b21Q.jpg,1,0.48690265417099,0
W6zv20v-1iGGXOC1EhgY5TutRKA.jpg,1,0.4436854422092438,0
kRsXE8pvVaGhq4-FAzFjkxGm0Iw.jpg,1,0.8302451968193054,1
mCngw8BsHXNI4bZnUoYvM0QAeyA.jpg,1,0.4643368422985077,0
Ko8vRDSkdog6npxSRjenBYvJpJ4.jpg,1,0.7338127493858337,1
RmKBEGAHuAwvs-b_g0DFIsyGBaU.jpg,1,0.9490962624549866,1
tasMbWm90zcZuSp8rd9TnFaSRzk.jpg,1,0.48144108057022095,0
fh7EWomOY2LuvJhGs-isvE8OSM4.jpg,1,0.8528122305870056,1
SwMf7BWUCJNRsWdZGlGV5sTkXBE.jpg,1,0.9973580241203308,1
5hirDjgTijj_pq7lyVytUtljd9U.jpg,1,0.6145428419113159,1
pXMAwUUf2Otp2EVbK8-TEOB9Kkk.jpg,1,0.925066351890564,1
H6tK4UZYZzoCSC58b4kbs7-R0IE.jpeg,1,0.4707033634185791,0
oitp6IrEZFazmoRsK6COScO0s2E.jpg,1,0.7259871959686279,1
6a3N8LmDsTSWBy8pGVzh0FjktpE.jpg,1,0.64616459608078,1
2nt14fz8g0OXyGzgMjMltiP0yHk.jpg,1,0.6407151818275452,1
98WaBEF_hBNuQ15yxrawvxW84xY.jpg,1,0.8403308987617493,1
rwQRNP-CvX9RgTupr-Oc7WmIfC8.jpg,1,0.86976158618927,1
LBuRyDUqP1yBRlOw6RdydI2hJi8.jpg,1,0.8855852484703064,1
WmCb3zLUYV3z0qALI06OWjf9p5A.jpg,1,0.9609106779098511,1
J-2DkaeDynM28X1CHSVtZUrV53U.jpg,1,0.5168440341949463,1
gxonYolYXUg76SPoSEsBCAXOy48.jpeg,1,0.5275989174842834,1
aR9xQ8MjN5qaOXwGF6MstX5sUjY.jpg,1,0.37904244661331177,0
s7zPPfW7TSIR9qH3tqldYC_ROyQ.jpg,1,0.38741815090179443,0
BiWrufI-I9jFmgxcu-aKZudgv0Q.jpg,1,0.2742878198623657,0
FRrGo1fQYkUkvDnzHACpg-KhE8Y.jpeg,1,0.8925610184669495,1
NWlekkGz4is-G34M52ArUUCQDpo.jpg,1,0.23453527688980103,0
CPkXxhQSZEP3-qJf-vfwJkLyNPQ.jpg,1,0.5475264191627502,1
Fr-zVsojQO-cI_qHNXZpgGCvsog.jpg,1,0.2784925699234009,0
INItDb6KS8_SAFM6Bt2O0w570hQ.jpg,1,0.8696284890174866,1
frN57e8XfYHtKE7fGhNBNJ3dkMw.png,1,0.25038987398147583,0
nIN2g_pzWLpiKhmswOqDbb6cQD8.jpg,1,0.9429672956466675,1
GDEcpVSXO_gnehUhSWWr3TScV_4.jpg,1,0.7800565361976624,1
mxXRIfRbPl1P-byWp96j-A9sV6Y.jpg,1,0.45440781116485596,0
5pvp5rsMzR54ekqhYxPFJoEYeNY.jpg,1,0.2716408669948578,0
1eRjAEV7GSJaELCmCXPgXe2gnn8.jpg,1,0.8679625391960144,1
ZB4i_T9fXuVJXQMzIyRl9WPYAuk.png,1,0.8468279242515564,1
1Xe_I7PKjYgzfoehyog1t_NAynY.jpg,1,0.5179347991943359,1
g7_YfWdghnZbGYMwge1cHAR3BCQ.png,1,0.7271218299865723,1
7q9_L4zdJIT69uezPThMK5vRJHY.jpg,1,0.9000368714332581,1
t1FvhNOgyZqSt3TTGzFE4k8qETo.jpg,1,0.5532549619674683,1
HdwR2XMS-EzQ5cw2l3i9DxfEFYE.jpg,1,0.7541040182113647,1
sTDGLSHB8Wo_tTy_QDEltl-KUlE.jpg,1,0.4380649924278259,0
BIlQEjf8OqYuuZVd5RX2hLzL2i8.jpeg,1,0.644501268863678,1
MHLlbm0ShlvGsqgGoUVE9oJ5mPI.jpg,1,0.8798359036445618,1
DP1-Z4n5eKBdzin0c0672kPnTmw.webp,1,0.23917920887470245,0
KjsN6KCEemNqi3kzz94K_xwbtv4.webp,1,0.4809713661670685,0
5sgp2faELmAT0UULO2t6djJZLag.webp,1,0.8212248086929321,1
ZEGd0J9gI1RJa56_r0VPfdZkZL8.webp,1,0.9872734546661377,1
ZCpwYKfduziIO1MLe7aSb6wCt6U.webp,1,0.2668192982673645,0
oer_NJCyjUt4YFy8DK6yO8KMM3A.webp,1,0.8829757571220398,1
I3WFUgCirjCfqm8l6i628Xwz9qY.webp,1,0.8538309931755066,1
Js6IbCI3DwNYvdJP4LOxTyoJvZw.jpeg,1,0.0452486127614975,0
MantJ7u0Nn0J7UX2GGDil5GLn_M.png,1,0.7640812993049622,1
PpqzJgx11s6eLGAAFV5bWIGsbs0.jpg,1,0.6545882225036621,1
0pcruzpllAr-Z5LxF7NJC6K_xwE.webp,1,0.7725645899772644,1
ZWsmSo1TJ7ijQYsww1d4IYN9Rg8.png,1,0.8622485995292664,1
1T5WdBpwNSggBOp9Yg5swjnaH5Y.jpg,1,0.7035362124443054,1
WDQj-x5Gf_yIuHKHI_Yi-2Zokvw.jpg,1,0.988003134727478,1
xm65nEL3hFh-wbMg1FUSZAbs9jE.jpg,1,0.9452576637268066,1
qQ5Buzverdw8SiiuXiawuYz5CNg.png,1,0.8032436370849609,1
GvdPBzm56L8I14l2Go3O_0RR13w.jpg,1,0.3726550042629242,0
3-LKgzKkzLbReSPJ3X2hE9XAIDE.jpg,1,0.27923694252967834,0
7th-ciwFCg59ViZlWFqHJpHtRYg.jpg,1,0.5281734466552734,1
QZZ_62cCJLsYoqSj4858sR9Gzyk.webp,1,0.9836799502372742,1
LQ2vBw-xeP2G3Y0qrXMViAVCE5A.jpg,1,0.36850959062576294,0
rPVfbBfdjqE5qHV6CTZdP2oWXqM.jpeg,1,0.7244566082954407,1
74gVR50sLuzEM3yY_Il3-FgVXxg.jpg,1,0.24096745252609253,0
6b1JL-PX8s3xkWyERoQkMwYm30A.jpg,1,0.1895727515220642,0
CaGu6i3-qXhsT-1bqIlIWiA64Bc.jpg,1,0.4443444311618805,0
Rt-flX-6jKODBp2oJ_mnKwASbhg.jpg,1,0.7238510847091675,1
1EsWCEdLRC2eH2qpfPvRip_v8PA.jpg,1,0.9504923224449158,1
c-g-EdDWl5ZZPcaXWY0mT5y5MU4.jpg,1,0.5893886089324951,1
DOVVdCQs5OknngI0MreoOTaySVc.jpg,1,0.24582445621490479,0
YyyMzfLqBORaHfMeGumDXvue8CQ.jpg,1,0.1571751981973648,0
SqnTXoiultj7SCvyLj4X-ROiJ_M.webp,1,0.9551862478256226,1
l3INYmv63-3begNAMRZUAvdQL4I.jpg,1,0.19769009947776794,0
UNF2KQU4bi5RB-6Mamv2yQxVt9g.jpeg,1,0.6268119812011719,1
hPTteHvqzH5V1L76xopqMpnfGAY.jpg,1,0.6473697423934937,1
emQcJ38wPd_msTA_U87ImpSmOvk.jpg,1,0.43311649560928345,0
ufNghxC2Fav5ag8BLlKuBQPbm6Q.jpg,1,0.966412365436554,1
_JGjr5iH24vuEjuiytkdGxw3xtU.jpg,1,0.9993739724159241,1
ZYHcUdFzEFZ4VobGQXq3YirZ19Y.jpg,1,0.7581256628036499,1
usn1O_NpUTQOZDTWZDJCUvH91pY.jpg,1,0.6529827117919922,1
6QBnsbCy0dQObGg0aGJbkhTjl64.jpeg,1,0.03862595930695534,0
jFc_EdHzW1Bam7NCU6PthhjaO7M.jpg,1,0.8151611089706421,1
CYqCoWitkahJYSY8A6n747rzG0g.jpg,1,0.6437779068946838,1
cil43v-9uKSsfYFkCYRTPHEIK_k.jpg,1,0.7307115793228149,1
N8N2PBPDZID5lc2uB276Kqj48_4.jpg,1,0.9900716543197632,1
by7G2eUA5O8fbv1AltT1uoVile8.jpg,1,0.5970865488052368,1
kCtC90IGJ4phms-rAZZHpWa32Sk.jpg,1,0.9940328001976013,1
__rtian5rGiDw7NHTzO8dLzy_nw.jpg,1,0.43056705594062805,0
7MCBIGzscpLFIs3L6OHMUZ978ck.jpg,1,0.9974671602249146,1
fo8bD8X57ufjKSuYu1CCVho5rAA.jpg,1,0.5251451134681702,1
qxrck8dPXlpJdoCs7PYjT15LCTQ.jpg,1,0.7334107756614685,1
qVoxXSRrd4OEYsu32k_CPPGCUrU.jpg,1,0.5610494017601013,1
C_zP9VYKi-1I6O5j-s8IR69SdhU.jpg,1,0.6489182710647583,1
BWQK18bertn9ciQIMjkHPEjrkko.jpg,1,0.8148152828216553,1
t04F_mLZSAdo24RKQNEC7qwNVeY.jpg,1,0.9513235092163086,1
yJgu-u7oIUAl_x0uoHk-yFJYXdU.jpg,1,0.4192315638065338,0
MpP-6SkCIMm5WqIrrto2o2wb-gE.jpg,1,0.9705057144165039,1
3iHBxSHdSXYbtNXJgg0M-oVhog8.jpg,1,0.9429337382316589,1
kovlGrWvLQXSi8ewrK1n2N_zBL4.jpg,1,0.9128988981246948,1
T7dHWXqcvn9lca7wqaLM81qf6vE.jpg,1,0.6831344366073608,1
Riz2ub5KBn47I_lYFCZthycledo.jpg,1,0.2562251389026642,0
MdhFx6JIXqqXmO1l3J5cyIpsXco.jpg,1,0.34357473254203796,0
giJL8iIr8a-yoweTx3qo0XdeR0g.jpg,1,0.5240206718444824,1
MGYax1QcEBjhn447UmYyR6sbVkA.png,1,0.7835102677345276,1
XHiNX_3z9bqDwGaVM8uBbkqvf3M.jpg,1,0.9887319803237915,1
hu-MF1k4lvbrLW_qF6f0K3LUxUo.jpg,1,0.4139077961444855,0
thWwy5kF91vbIUeWzvfKCo3RCUo.png,1,0.7058169841766357,1
TaQTb6KfKEU-0pscmtdXaId8v9E.jpg,1,0.9775511622428894,1
kKGfYP5daojfPQZizdeOTtbRbQI.jpeg,1,0.7182427048683167,1
20vUeKqsVPdMkvCrb-TtEYdsYPg.jpg,1,0.8908477425575256,1
sfWfF135ZPUxYbIkV9lhvvjEzNQ.jpg,1,0.715334951877594,1
MnvvN_zGyhQLZf8iiB4wNZjZWzg.jpg,1,0.9484561681747437,1
oX8Dwm5KE2cRzfBGlqBRwpdRrAo.jpg,1,0.7344555258750916,1
FBlJbYwSm8QfeVvXJwEF4gRD8TE.jpg,1,0.36072713136672974,0
h3qwUn0RnBzoYMMeRePGaCM9KzQ.jpg,1,0.5020655989646912,1
t5mPxe2wCoiQIy9213bQgcnD3K8.jpg,1,0.8222087621688843,1
GvpN9w0vadgPlSmdIMYeK9uwPBk.jpg,1,0.8628539443016052,1
tc_z90KeCTwOAtywrc_JNmIKNj4.jpg,1,0.8104168176651001,1
5oGOGENrHDEgbh3KR2EEiH0FXEY.jpg,1,0.47884899377822876,0
0_pat8fDPWeYEfuRJEmIxvEmWVg.jpg,1,0.9984190464019775,1
1p9hZ40-j14FVU-oIleTJ-QhfhE.jpg,1,0.3189604878425598,0
wHB0mXP1Vp3P7hCGlJqhueF5vL4.jpg,1,0.6838073134422302,1
nIh5n0x9dBe1RlE16wm9Y5_Tqw4.jpg,1,0.47130972146987915,0
6vo8OAHzdUssUeSo-7EMHAdLd7A.png,1,0.6272765398025513,1
f1o8zTT-A-djMh7eLnwj2tUy8wI.jpeg,1,0.7032830715179443,1
8RxMaSpGFSRkM5dL0w3HBT1Vdnw.jpg,1,0.50298672914505,1
FZXQHp5_YzjCUhm2iVcTRF0cIko.jpg,1,0.793430507183075,1
3x5YxF8KOg73hf0nrgqItnOJNB0.jpg,1,0.60382479429245,1
mU6OHuPam1HJHmvf3Jomz6kZIcU.jpg,1,0.7430499792098999,1
jGmh1GXau6NUYklG-aIIYcmQIVk.jpg,1,0.6133628487586975,1
5HpQOPJdiMDIxk_GUSlCV-WGVsA.jpg,0,0.8544453978538513,1
izkMYkzcb2452SwhBPhuC572AAM.jpg,1,0.9970364570617676,1
BKE16BqPu_34pnxuUXzSrXtCCR8.png,1,0.9241609573364258,1
GD9pvA6FEInhOJSFclF6bMTjBzE.png,1,0.5482988953590393,1
6-9uZIw8wq4KUvEcUul2xowzS3M.png,1,0.5722321271896362,1
sFKA3yhmO_K2qv5rIUqQB88ssOA.jpg,1,0.9989987015724182,1
owIXzMkTknWfabP3KudYVYyV0OA.jpg,0,0.9997184872627258,1
WsGjE88iegsS9vYykbIYIiWHWDU.jpg,1,0.7754047513008118,1
4_7TwzjIIKmPpzBx2KKCaLL7ztU.jpg,1,0.7849229574203491,1
onToF-G1LRE5-7F92vvy-AO--ho.jpg,1,0.42111504077911377,0
o0jkRD5ocjAGPRTxXyEhXI1j95g.jpg,1,0.8708075881004333,1
_FQmus8VNP2FAEiD7QlH7FmSanY.jpg,1,0.9743456244468689,1
zRjbuYnkgltrVo4g2ykTHfSjYNs.png,1,0.6255761384963989,1
td93qZQPlrE3bygkRENHMhlqNpo.png,1,0.9832054972648621,1
Tba97N-G4Piv2GaSo1CDTYHFFJ0.png,1,0.9993860721588135,1
8HqvvL29z3vCRBOcveJmuCli1DE.jpg,1,0.6888380646705627,1
YVxYqKqn_QOwKQUewx3CCkRr8GI.jpg,0,0.30332502722740173,0
tPah9QLojdqK3i-jkUYJY6q3nK0.jpg,0,0.7081435918807983,1
Z94IKjz6MCbhOpO9zVVLw22r6yI.png,1,0.9575580954551697,1
SPkNTYYMqeIA4Cr9IiF818k0fYg.jpg,1,0.2888278663158417,0
kMKYoGFEK1e1Xu1Tyz95ifSFljM.jpg,1,0.596031904220581,1
OXHaYk6i0uaxCoqz-uEPn9WcTH8.jpg,1,0.5076757669448853,1
xqrFAk-lfcKBuIYQxb9MpPXmrPk.jpeg,1,0.4351922273635864,0
npfjvio1jeP8fb6eRXBap5osCj4.webp,1,0.6273940205574036,1
7zNSaBJpocLC8dWc08NJzMqRwWM.webp,1,0.9995737671852112,1
8nv_C8LDmloOXM2UOQZVfwkiv80.png,1,0.8797372579574585,1
c0hqlsdNtdxIoPZcJ6gwsdWdM1k.png,1,0.8515631556510925,1
gDs-IS-2jv0DOlPmlXuqpRAIhMM.jpg,1,0.8499747514724731,1
IdiLqQKwEiYivs_y17wH9ZtVk7k.jpg,1,0.9999282360076904,1
8-AERRY3lzpqKDcg4-zjgb57sp0.webp,1,0.7620722055435181,1
aCEN1G0WAfRfB8nBDXR37diPAuE.jpg,0,0.2202579379081726,0
aEv9H9100C_OeoHhdUwDYX5dFqk.jpg,1,0.3747594356536865,0
iUQaeVuIquipKNlcEmFy9aj5fk0.jpg,1,0.6663764715194702,1
kvREb8jgjfKziSHPli1ONkbcuDg.jpg,1,0.8508583903312683,1
AF8GWKLeHNbeVC8YDsVIduyV-dI.jpg,1,0.8652386665344238,1
Hd8gksJVKEPF4q7HNTwCt-o_NrM.jpg,1,0.4771021902561188,0
E1pF-Zxc72B3pYzvF6UsSQvSz40.jpg,1,0.675102174282074,1
fWRz2tnXkpL9ySZlHJjZctwhBfI.png,1,0.566899299621582,1
VcOuMkqGVe0SnJ1JZHxzWAFlqk8.jpeg,1,0.7333736419677734,1
mXYfmcs7Pf8uKYU1OIDvJUU_uhE.jpg,1,0.9033640623092651,1
tOE4AI_VV0wSSScGDFzhsrLsioE.png,1,0.9847210049629211,1
JC20wX38DJZGemLlP6CjT8i-uBY.png,1,0.7476481795310974,1
JQZl_ow5BTCpRwTuAVkv2nARUIk.jpg,1,0.8954599499702454,1
Wlb37F7dZri_HUW9xFG402mKr9M.jpeg,1,0.2911558747291565,0
RhtIWDk195KR523a8qr7kwvwwvk.jpg,1,0.9991165995597839,1
k6uVeRMbz0mWX5Ov5TgmFOeEbAg.jpg,1,0.9504377245903015,1
B6fbiDChGK0RTjpxLx0DxyMRBw8.jpeg,1,0.26535892486572266,0
6pLx3BmUR3gqo28h2BVwwIXzl6Q.png,1,0.6045700907707214,1
NrCcwaHZ_hsZlN4IInTRzdsti18.jpg,1,0.7993460893630981,1
1Tkr2sFIsFtz8sU2C-kVZwTpVVM.png,1,0.7329429984092712,1
afqHQEly7ejM8wnE5Den8mfN0Lg.png,1,0.999573290348053,1
ZZo9g7Rdsy7Mh71eTxec-1tWQdI.png,1,0.9909402132034302,1
JRJQaxgheBt_ckzuUTUG5yM3snc.jpg,1,0.996154248714447,1
npUMEN7tuKdEO_lUG3ux-bL5Guw.png,1,0.9316998720169067,1
AvoA_VTIs-6ZUd0tkeilFUIR8Ds.jpeg,1,0.9736229777336121,1
C_d7RCRNgtx9oWqMSm6A6IDU9d0.jpg,1,0.3012896776199341,0
NnBBo6KTAtz9HWUay0C43YSBHYc.webp,1,0.5077829360961914,1
8GuZi1aoJU69ynFQRYty0OxYygw.webp,1,0.9892756342887878,1
OUqaZbI5AOtTJ9tOZPH7iSYClVQ.jpg,1,0.7433947324752808,1
_iAeuxoLb2TvvAYmiHKi_Z7XSfA.webp,1,0.9506337642669678,1
16LtVzw6XcgxzaZUEVj5XKYbMSY.webp,1,0.8747193813323975,1
vG_-NnmTirkhsJS4sk0_TrtaneY.png,1,0.15886323153972626,0
V-nk_C43oBgST3Oqd0adhdlVQ3w.jpg,1,0.946217954158783,1
_rfShQylGjlQCYFkT4oBi-bLdig.png,1,0.5609986782073975,1
BncxYZzaJvKxoMGEklwgznGFjOM.png,1,0.9943787455558777,1
jv4bgfXV3kXupLca7GxzP37fpy4.png,1,0.6745927929878235,1
avhQTmoL5TAspL8LNaHUMbYm5d8.jpg,1,0.9421180486679077,1
vpYSQWs9K8GayH9457D9TXYG9bs.jpg,1,0.47497794032096863,0
FYNOgWNAXChwnysgCuPMv_0zses.jpg,1,0.41482624411582947,0
rMlOfR7ChlBCeh58pM47_WIdw8I.jpg,1,0.43241140246391296,0
OnJL31Cq8qIiDz-hdk-3KqOZCvU.jpg,1,0.7520313262939453,1
XhzuTHAhski8Z0l03lmPLzWyKJE.jpg,1,0.6744462251663208,1
iEAuBOh7Nw2khzLll_Ru8q9OH8g.jpeg,0,0.6921707391738892,1
e6XpjJAk2vA8Z5nLZgVcER3mtIY.jpg,1,0.4109026789665222,0
jPHZQfwO69tHKAvyiTzlxhEDL1w.jpg,1,0.5403781533241272,1
wS3IFRMP4y0lepAXFMp-VoMdYmM.jpg,1,0.7718591094017029,1
AtQYM4LY3YkaScIyL5XBaFNim6Y.jpg,1,0.5294032096862793,1
x_mPh3sicQyOxizXnuLJaTJ2o7A.jpg,1,0.13954012095928192,0
Xz6OVPWHVy1KNOIEnwS_Js_qCQc.png,1,0.5357945561408997,1
A2nZCZxbQLQ2NGZuAkgxY8pbDx4.jpg,1,0.7930446863174438,1
8NqzEuuo1bXm2m8C_WYftqkxfAw.png,1,0.9960196614265442,1
BQ18s5DBxZSHshZic0DfdAkICbM.jpg,1,0.8195571303367615,1
SJMDNaHcwPyLv4G9-Qqzfun2kVo.jpg,1,0.8104833364486694,1
05ZYYe0dAZA-OLvPl8JZYcomuRA.png,1,0.04805130511522293,0
EYxBOjkIYlLnos8rKYm386WZ8tU.jpg,1,0.8619988560676575,1
I5frsCkyIPLTmbwbPMbs04vXesg.png,1,0.975634753704071,1
wsbDQDCHH4eo1aSZQAAJ7MLs5mE.jpg,1,0.5347936153411865,1
mGirqhkSvUe0msHuKdrRZGKbJJU.jpg,1,0.8085838556289673,1
vq2aOz0PwQ64ZiuFJvkpvFdagYg.jpeg,1,0.9994193315505981,1
3BCpZoAmM-L1Y4VF_bXb0CS2i2k.jpeg,1,0.4801638126373291,0
f7tr0TsjwkNmhCfP3P5sC_DRrKs.jpeg,1,0.9911453127861023,1
4_ZWI-YYwdpiDV43etT8_EAinzE.jpg,1,0.8600654602050781,1
9M3cMt6dcfGzQqV7RkXj3nZywUw.jpg,1,0.3486327826976776,0
K1DURBfhs77uDLLOiiMt2BOtIkQ.jpg,1,0.9999910593032837,1
rmyPPP43zH7Ce3UTvfwXSUOEqQ8.jpg,1,0.9995013475418091,1
jotOBZL2AQk9Y0K3z0ihHSsFQn4.jpeg,1,0.4137698709964752,0
_MuKhUEobQX7sQQyspGGJlpSBLQ.png,1,0.9709063172340393,1
8jOD1RttFF2MUz47AZPehKZQ3WU.png,1,0.6404170393943787,1
MvW-4jRr3N20cUsK1CSE6-ZnqIU.jpg,1,0.9091856479644775,1
QfTApDOUpkksyXC_g50Kg29XCKM.png,1,0.9477503895759583,1
7t82TeTW1pMUbqM_4T_i2M9OzfM.webp,1,0.9998669624328613,1
nuBeLOhtMtZcc-4QHf9VBI-SM6Q.jpeg,1,0.2877470552921295,0
YUyRNhLsPl2p2okqC6NfTxZiOaY.jpeg,1,0.09064140915870667,0
0BwHRQWueKdOIhaKYBo5HATwCTo.webp,1,0.9321198463439941,1
D2IgFkp0jczFais78K7O7F8Wcb4.jpg,1,0.5753424763679504,1
R8iD6g6l2RxyRr7tW2PTp_1KPdE.jpg,1,0.34717807173728943,0
G3sGNJ7DAu1KfBn6sDumGJE9t4w.jpg,1,0.7278777956962585,1
eVhhgLkThh4bE9oqU4uB2B0CUgY.jpeg,1,0.999498724937439,1
uUIhD8PIoROMn5jy2bP5K0f_2Fs.jpg,1,0.3944939374923706,0
FKT_DyZ3FkjDBFccoj1y5ivnj-Y.jpg,1,0.5686651468276978,1
pXrSi0qu8Y0GjqCmVMTUZxjCgyQ.jpg,1,0.7135969400405884,1
i0qaudSlRtccAD-v5QWf3gpUzjo.jpg,1,0.9988937973976135,1
MQ8UkZDbGyDd97QswiTQQPcjfWo.jpg,1,0.41550299525260925,0
u0FEVNMkCHWse98MY7wlzrr8Qgc.jpg,1,0.5413025617599487,1
9PlGLvD_Zi3uIQTG0U8ejr8o1r8.jpg,1,0.5996371507644653,1
vNWHAtKZ8XM3vVwBki8tal8vYOU.jpg,1,0.6125209331512451,1
7OxT3wKGaUgakUgeQc7UTC_2VqA.jpeg,1,0.19418814778327942,0
NlSvyGwP6OcH4G59GXF-1FkdDU8.jpg,1,0.15476520359516144,0
XOJcOWOfutM5D5HgvK4djMg-JK4.png,1,0.4345954358577728,0
iHs7O2mG_X3tO1tiRqQefyOLxSc.jpeg,1,0.4716244637966156,0
Gf1NtM2MH7svlG2Kw7qRr4sWUXE.jpg,1,0.2639850974082947,0
S-7aTCPu0w1VTCkzhPGAB7VWoSE.jpg,1,0.01107406709343195,0
inpKEyZUkzmE3d-9TpPOZeIQmmc.png,1,0.9989150762557983,1
936o0nMcctoR0SbfNI72HVFKFvE.jpg,1,0.25464150309562683,0
FPCM4UZjaSziNvBqky6WCvHmIRw.jpg,0,0.7620809674263,1
NDs7Fv5s0hT9UEwT6z88SZCKUmo.jpg,1,0.6262392401695251,1
mearPWqS6l66YMl6TfWrcAhOEIA.jpg,1,0.407395601272583,0
8SNwRrTvFe5yEOcm8_Qc2K7QfXY.jpg,1,0.9398630857467651,1
KeMjeXU9KDWQzq1J05cdSL3Y9uw.jpg,0,0.9936322569847107,1
bygDc97DsAfwelm8S90VUpQMnzQ.png,1,0.22431562840938568,0
PN3oI50ObZUkbqJ74jgtrl4X9dY.jpg,1,0.7532610297203064,1
2RCtejkLYe-APZWC6T4S8M746Yo.jpg,1,0.9430385231971741,1
0LG_I1vF7ssbTFitHeav2oSrX_c.jpg,1,0.9788016080856323,1
dheCQQbkRjsLSeGTw_aBXfMR184.jpg,1,0.9582824110984802,1
YD8sOoaSSib_kb3r1-UyOzPjQ7Y.png,1,0.9948021173477173,1
IF9WEtoBULP99qtpbHBZqsFXYbM.jpg,1,0.9868478178977966,1
mFjr-UL45gtkxJ2-1vzgnzZkeB4.jpg,1,0.27938640117645264,0
iWdVZNk2wJ6nbzgsCV9dyAu1Xr8.jpeg,1,0.8609210252761841,1
P3_WIrH_3XbODVu06cK3U3rMp0k.jpg,1,0.017360730096697807,0
qNmE7eUQnC3li0p00_F9d8NOLwU.png,1,0.9835982918739319,1
DkSP0NiUg8pLwHkNC8cc0YOmkcE.jpg,1,0.6951106786727905,1
96CJ7dNHwu1MEcouX9JyGhYeUuA.png,1,0.11184652894735336,0
hMSx126p2OPR3KCWKXrH6k2Eq8k.png,1,0.9747947454452515,1
ZTx8Pd2ucaP8KiPasz-PXMwp59E.png,1,0.9029858708381653,1
Vr_tP5zdYkuGWRga3w5f4lgdoQU.jpg,1,0.7702782154083252,1
E1773hcG02fv0TL9aE_4EnyXeFA.jpg,1,0.6686219573020935,1
08u7VKpJ3Sj1Y96h0dgFG3298Xg.png,1,0.45956242084503174,0
UjfyTT82qronEjlVUarGmpfxEW0.jpg,1,0.43937817215919495,0
6B9ZErSJocmcz0msppWNClUNLI4.jpg,1,0.7080538272857666,1
Dw_BoC6X84M1Z_WP0OQF-cSQ_uI.jpg,1,0.5804262757301331,1
AgmGs2yngYYDSJyQN2D36EuM5gc.jpg,1,0.9485820531845093,1
1Aq8pXUrSHv4HQUdZZ25pJYoC3Q.jpg,1,0.932243824005127,1
e6AiavnO532GCuOiI6YUt3L0I9U.jpg,1,0.08147867023944855,0
9Jg_k9xiiPO45MpfwNX0-5j8iNI.jpg,1,0.3443273603916168,0
7rqnruyQRv-umEWQcrN9n8s1nrE.webp,1,0.6770768761634827,1
oe5r79iNWKZlzdlFGx7hFCq3JS4.jpg,1,0.8382617831230164,1
Nr480fomRPOp0q5fFmFAA95iasw.png,1,0.34923720359802246,0
B6IoheuMIS3Uujk6p9EpNGqT_I0.jpg,1,0.91843581199646,1
BJbO_SLT1hQqC4474NYkWRolltU.jpg,1,0.7984473705291748,1
jtCxQdBikq-GcftHklpQUaZNh_0.jpg,1,0.5234113335609436,1
UkT1oVOGf1J7VerccRn24ugKoc8.png,1,0.7875620126724243,1
OoB3L04YsmyBsOi7JK8yCD8co6M.png,1,0.5401824712753296,1
LXvm_mMnjROpMqJDgVgpOCf_NMQ.jpg,1,0.8347873091697693,1
gz8OrCrSe3aNiT0VHoexKPrOgDo.jpg,1,0.4736859202384949,0
bkvbqO5AF8OV5OJ7gAry3KInwDE.jpg,1,0.892998456954956,1
fecdZI6qv6ryvLygGHTJIWbOc3c.webp,1,0.9064228534698486,1
gExMCSN01nWaYZhf4OTxzCXnEDg.jpeg,1,0.5169782638549805,1
m8rVTItd-Tmy-NUL-n5PAKkFFjE.jpg,1,0.24795977771282196,0
b1bLlI5oEuUNysaiz0V7kz5aJQw.png,1,0.9997195601463318,1
veE1s5ZfWAfoL2XeqzmOwRZ2CYI.jpg,1,0.38756823539733887,0
hkMq5pBCmMjzcVH5LmZxPqAIajU.png,1,0.85463947057724,1
nkwgi9CEh-Hnmgzl3QLrR8pUc-Q.jpg,1,0.6503214836120605,1
4JiirK8HD8_5Zki-DDLLi9_C5-8.jpg,1,0.33246883749961853,0
o0Di4syIDZSI-_gkIczHZEQ1z4w.jpg,1,0.29729709029197693,0
LUyi-ALeyKHNWJppXnjcOCWATfg.jpg,1,0.9152864813804626,1
RgQZ29YDVNOli-7nTwG-NUpvr8Q.jpeg,1,0.42683112621307373,0
VDqtB_lXIbaIqu-X13x0-g6EMxs.jpg,1,0.8935022950172424,1
4i7pZBGpGnnFs3N4UWsQ5JKPXD8.jpg,1,0.8914849758148193,1
xPBl-ITkYo9v4zubOBplMioGW7I.jpg,1,0.373369961977005,0
HIm4o7kMj-0MFDcvRC6kwXphXPM.jpg,1,0.5391387939453125,1
EThZhICqdPP2z_pKdlQjEZMDokA.jpg,1,0.9986078143119812,1
u71IHZffRtiw__4ZIHlUt4NQL08.png,1,0.8515712022781372,1
P_qrVBkreb-0NhE_iu0kLv7JkiM.jpg,1,0.6983792185783386,1
hbF5dhR5_bGpqbe9OjEfWQtiRPQ.jpg,1,0.9920929074287415,1
2BrBR_mJpLVW4o3Q5gaVpnKCJRI.jpg,1,0.9952908754348755,1
n7jt1yRjwK6JIz8xVebyfM_UKhc.jpg,0,0.4323060214519501,0
I1OnaXM-1Ij8cwJfLdh_It9jJHg.jpg,1,0.7982855439186096,1
9dPSXwH2LvA5Ek1j4QtgQwQgF70.png,1,0.9973782300949097,1
WLyvQm2_9aXVRJnTGUZKm2fEXn4.jpg,1,0.6732358336448669,1
CdZXJLrnkwkK-OGi6udRB_9UvSY.jpg,0,0.808876097202301,1
4zt82jew3qsI9biYUQSAZgIq06A.jpg,1,0.7288815379142761,1
TZiocak74843ZDcZUNTifnt6f4M.jpg,1,0.26138588786125183,0
Uv0eauycStmaY4NEH2vzxGRkB2s.jpg,1,0.8964511752128601,1
1fbYXXHkfHNTu2Em0nLPgaAssxM.png,1,0.5527248382568359,1
g7wbpN0LTjVIXLXj19Sb8toiEsk.jpg,0,0.3879603147506714,0
WbGKWtypn_xIu0pph1f8wNALec8.jpg,1,0.9981397390365601,1
e1qDaZh1UDGFp4KZgu2awTEtPrY.jpg,1,0.5258477330207825,1
zymOBrKncwz9gDM49oMbDc4NUf8.jpg,1,0.27712538838386536,0
vJqimy98u2XiK9uFh4qekoxCTsQ.jpg,1,0.8545762896537781,1
2glPmqNFe1xNYhi-_z82gVBg9RE.jpg,1,0.6454919576644897,1
AlsN4dmz-o5HzTHRUHYNR_aPVio.jpg,1,0.7295239567756653,1
BHCPSHyKq7iEuPJ3ypdqjQYxxhc.jpg,1,0.5593582391738892,1
LtI8SKqK41JFh3-HOZJY3l2Fsac.jpg,1,0.9611538052558899,1
lNnG6ft7DNjzmwin-u-HHSSnpAA.jpg,1,0.6733283996582031,1
IsJA4PRbwjB8WXlleZkWPTV069o.jpg,1,0.9063768982887268,1
lCxf5hJxPobsV5hqMzGx3NAAziE.jpg,1,0.5530703067779541,1
3ckyEl6WSk4mAoMzR58bnz_pwH4.jpg,1,0.9245367646217346,1
UjquNhjH9uBr0C7ozzI3iSUAwJ8.jpg,1,0.912749707698822,1
z7oMwizoHcLMYb8Z4BNVofkKchg.jpg,1,0.16376893222332,0
GuQT-qW6aUoeaVGfmCKZRokxCo0.jpg,1,0.5537765026092529,1
Hf9wqCqmAfWDavJbaPKXFT7i33Y.jpg,1,0.7518722414970398,1
6Elp4UhGlaqgVsElzv9Zv0NmI7Y.jpg,1,0.28710052371025085,0
KWxj8LM2vdCZ44PgS9A3JBsXTOQ.jpg,1,0.5274041891098022,1
t1Geb_ZAzZxxRALX6NRqN_T2obE.jpg,1,0.451074481010437,0
2kPpNek5ZrQlJNTpoIrVQ4xiWVU.jpg,1,0.9520580172538757,1
HyNp4UrYUXQk_QF58LNMWZYZvhY.jpg,1,0.9912139773368835,1
D_Rsh7za5lVjEpRBsz40U72VPcM.jpg,1,0.34355631470680237,0
Ug8VIcvoLgDTGZZ9CRSDikNU1C0.jpg,1,0.8702541589736938,1
31Md-7CJdCl837e6jbVkQxVD1fo.jpg,1,0.293293833732605,0
uMhFAhAOA0oSoxx4Dzi6M_gQyoc.jpg,1,0.9013503193855286,1
FEKf5HJgqMw1UPIskCY2sd9LMNM.jpg,1,0.5655031204223633,1
mOp4JN29jBdV6sQ3XYIZfnqWtMI.png,1,0.7524104714393616,1
wop3kqmw2ZQE4qgmgpC8-GMRUa4.jpg,1,0.22934703528881073,0
GEnr3doGI-DLWCLeFVJTx_-xyNI.jpg,1,0.8511565327644348,1
difgq__n-B41Cf7SKzB1_zC0vis.jpg,1,0.7562727332115173,1
SLLqMGcWe2Ud1axfixm-aiYXNfo.jpg,1,0.9512677192687988,1
O-omCJ7iCq4VAXh397Gz0Py9qMM.jpg,1,0.9995065927505493,1
g1Z9xTTs_Bj8azY2ZqOB5mVH_FU.jpg,1,0.6228959560394287,1
jvMh2GHGMEqd-6qeaHkFpCJfOEo.jpg,1,0.6919337511062622,1
lIRVizc_n1qt270BdkJm1NakgSc.jpg,1,0.47093114256858826,0
9sR0ijSTL4mOw5Edbckd5UY6yc4.jpg,1,0.625728189945221,1
UZyoaRoUpS-Y0A3sruwyrESvxJo.jpg,1,0.9621549844741821,1
A32_FZYqspnWLn2XpTkMgmsongo.png,1,0.5825052857398987,1
UUH69wXOcJWwuIZfrHuKUkuegCY.jpg,1,0.9971492886543274,1
LKi9jmA1tSX_BDx9tlE3ONe03Pw.jpg,1,0.924377977848053,1
xVGSYPspFIdtarVQ_jMgYKSwSZ4.jpg,0,0.4613613188266754,0
sk4eVzS8Qfw2ersBoJ3N8DmBF8Y.jpg,1,0.7087118625640869,1
hmZHKTak-mTpfNkUn0gcaUbmnac.jpg,1,0.9968417882919312,1
73xqv_Iwzwg4Qb46dtQohz97G_E.jpg,1,0.9997597336769104,1
DN_MAk-nHp8tut0zgVgyuxNajX0.jpg,1,0.7459038496017456,1
vTKFJkDWl_NGEURSBYoF0tqHE_c.jpg,1,0.9938814640045166,1
pKt5sUuOODPF5H23Ln8u2vNPuJs.jpg,1,0.8491133451461792,1
u5A9IdmjM_qTs7GI1kbGnTmJEXE.jpg,1,0.5514405369758606,1
JJv7XJNLbyZ7HtyKd7fr5Eyhhis.jpg,1,0.5701900720596313,1
0AEukq0qAvoKrHpJHeHF-9-Dhho.png,1,0.7015154361724854,1
3Rw5E3tCICHg9ReofSw23G0B_ZQ.jpg,1,0.39465194940567017,0
A5O-D-f9Omy0TDjyIAut6qu3KTs.jpg,0,0.5519897937774658,1
JEgSmMPcsp0uUdDEdNodiMf4vkI.jpg,1,0.972790539264679,1
lyTReYcnpClD7ylpHXxKxhwquFE.png,1,0.893750786781311,1
wHvJt8SoQQFpWIwZ_PMghrMON5M.jpg,1,0.8907440304756165,1
IAUWBoMINK3lyta7jnJGRp82_nE.jpg,1,0.9903911352157593,1
4ekES6OJQJSI4SOH7wSWDHptl3M.jpg,1,0.4432731866836548,0
EzROBGIcZjhOnkfEu45qN0yfmVw.png,1,0.7304766774177551,1
guztSIBa3kqQQTqgxnIzcMn9nKc.jpg,1,0.7156878709793091,1
FHN0nQ8gKDn0v5qCg7qS4mQ6Yms.jpg,1,0.8118600249290466,1
fVyVZHXXSRbIeDkYDW9lkNNIVRM.jpg,1,0.9946393370628357,1
MrSlk6ZHiz9xraNe51hOwIo0fWA.jpg,1,0.8919371366500854,1
20moenb_kqMRgcrFwcUEA6EaUEY.jpg,1,0.8003252148628235,1
jSLX04vVncn3IHrKp9qVevfw-ns.jpg,1,0.6430264115333557,1
i29gZMlEqUtYK2BSV3I9c02Y9-0.jpg,1,0.7510340809822083,1
YxN5sYav9K413QLaHO-cykqIGAg.jpg,0,0.7015004754066467,1
p8nK3ErLMObnajbcGGRRClrSMxI.jpg,1,0.9677918553352356,1
2B3Viep72R5rfBAs2MsLWPd0VmI.jpg,1,0.629887044429779,1
mTIM-Wo6BRBLmpNd8DZ5qIZL-OI.jpg,1,0.8744969964027405,1
NZmRvsKKN_i3eR-9YdvaHLLFD38.jpg,1,0.8553637862205505,1
6bW69PYgHgGTNqynlrGgJgdwJA8.jpg,1,0.6835415363311768,1
qSldoSEhE7r10vjVqxEBii-3ZF0.jpg,1,0.5558744668960571,1
R90QDGVNciNb6gniB7uxD6L2Drw.jpg,1,0.7128756642341614,1
9y-7k0EfUYPmYWFmF6HHeLfSgbM.jpg,1,0.7968011498451233,1
gazRmbERwG51G1aUyR89oEmJ-EU.jpg,1,0.885627031326294,1
ORQlaNHBAqSdGZ4pm5Xo2mT0qAU.png,1,0.9947385191917419,1
TIhkTPOlCw8per6W1Jw7HU2CvjM.jpg,1,0.49055612087249756,0
8AK7BVd9-py-PsiCDG7qUC1vOqg.jpg,0,0.35921528935432434,0
xbAhGoFCJPkCNggUsj-32XU75qM.jpg,1,0.4468086063861847,0
IkkHyMBvv_xLeq89FoGrIdx4fqo.jpg,1,0.4104791581630707,0
UvNzC7qDzvD09wOUPxydrrvoqzI.jpg,1,0.8514484167098999,1
oZEUpj7MFTgRbYth7NznAxT3x5k.jpg,1,0.7624802589416504,1
L7NElp4VS1puzHL4VZWpsj9wlos.jpg,1,0.3322921395301819,0
X836HG2J5Q6C7fWYhThNcsf_jLQ.jpg,1,0.40721723437309265,0
y23aWItkFl9U1W7HWLp76CI_aRc.jpg,1,0.5757864713668823,1
r2qmRbcj5CPBTEvA_dy5d1WhDbE.jpg,1,0.5957260727882385,1
NFa5N8sQW0Ho3XCTSnVfz60FGFg.jpg,1,0.948353111743927,1
sSotVOIKHbhh9I97HfSnYTfYCVo.jpg,1,0.9246371984481812,1
UT2dRDheJ-ecJ99mlUufk2VO7L0.jpg,1,0.8032863736152649,1
4AKKVb9uaLZeYq4oBS6oOP6al1E.jpg,1,0.7317584156990051,1
l65jPaIuk-rj9yxQAs2nvfwUgVI.jpg,1,0.19257330894470215,0
jdwFaB-yULhDp1dONYhQohwlKvU.jpg,1,0.6685293316841125,1
Vby_fZ6XaIukdUzGV1XyR87YzWI.jpeg,1,0.8770761489868164,1
2lAG2a9miUAK2OshN5mwuFAKplw.jpeg,1,0.44933268427848816,0
9fjKNShiqIeL7BAJNs-M-9zBml4.png,1,0.15123587846755981,0
psfrWgkcVjcCLz6tKUj9OEKk-1M.jpg,1,0.26710841059684753,0
wa8dYDm4vUGQXehG-5fsEuikAbM.jpg,1,0.7827715873718262,1
jmwKh1dsSWajr4dMWfh_85A_of0.jpg,1,0.9749241471290588,1
LI3g6dl9DtgH57ElE5q0U7FQuyM.jpg,1,0.7596197128295898,1
sAlsEm92JBiZU17n-UZInr1F95A.jpeg,1,0.6091496348381042,1
8GughF9X9G66Mgfh3wMpb6rffwg.jpg,1,0.40177372097969055,0
VKOFMB9XKh5kWuh9VdbuV5Yo9lE.jpeg,1,0.15940254926681519,0
ISOUm8WQ4oPqA7FAThZvoqRLXd4.jpeg,1,0.8941149711608887,1
GvtP3tYQO8GSzROm3pV34vxX1bc.jpeg,1,0.5629348158836365,1
S8N3oxMXw0CVOdIjbPan1ByE0VY.jpg,1,0.6521146893501282,1
9O22O3vkdS0lj7LGdfv__0M0W5A.jpeg,1,0.197179913520813,0
JHbTiNykdfkd4eEF5FXqHazAyas.jpg,1,0.3074105381965637,0
LB_14JQ1pBzyfMCmJ8WzAH4OxbE.jpeg,1,0.25709599256515503,0
jDAAxQIYNyRiYec_Y_9X_2CoQ7M.jpeg,1,0.4787274897098541,0
ZDu8AuuQPCSYjVJX7TdK136P6Kw.jpeg,1,0.01433314848691225,0
I6qWDemGlhElAqdY3jpwEi47qpA.jpeg,1,0.6935570240020752,1
lkBdIKDsIMSfunmLd3-G-tYA0KY.jpeg,1,0.41705575585365295,0
egZCUpPzD0pMcprCcL1pIydDr1A.jpeg,1,0.6173151731491089,1
rUmpI811c9TpZGikEwgugd_87CY.jpg,1,0.5588783025741577,1
rgxYo3DibpRUJl0EIXCJE90uCgQ.jpg,1,0.8928946852684021,1
6RG5bOZndzuF28ViTtMRRphwXxc.png,1,0.9722788333892822,1
5TA1DQuyQloz51vX-sL9gEvfoe0.webp,1,0.5267667174339294,1
Nb7KdwG8crSwkQFBg6Xvh8npbbA.webp,1,0.6947306990623474,1
PerrZ-wEaTecH4PFwcuoImNYWxs.jpg,1,0.7940236926078796,1
SF5Dc8PvEZJoAZDyyhprx5MgA_o.webp,1,0.999998927116394,1
gXlT93DrIZVMNWTARUc8V-cQl9c.jpg,1,0.17942899465560913,0
FXD-fVabaQLaey5V9FQUMoyvgPs.jpeg,1,0.7890706062316895,1
YzB2S7J77OC86MA9LO8vHM6EZjg.webp,1,0.8301722407341003,1
R1EKI-cYHahBsjHd4z56hyXSm6M.jpg,1,0.6372907161712646,1
wswpI4XKRCPh0EZxLF3xeCgljXU.jpg,1,0.43914926052093506,0
jjDIB_eoNVt4H1ftSOgjAc-N4Cc.png,1,0.6943547129631042,1
Ncb7J0PxOMWmwrtStvCfCQZb7-4.png,1,0.7900713682174683,1
R9ayLTCJxrKEEv1K4dGkULCr3DA.jpg,1,0.6141189336776733,1
4bL_SckOMu-Wb0IIGEDkQtepd4I.png,1,0.945724368095398,1
KqiCEDvoEHCFPdQ2taopNOEgXiE.png,1,0.37701839208602905,0
f6hWhWXBjJlSQfWVJxQ2NWb8jgE.jpg,1,0.8917685151100159,1
_MO84ujvPNj4GSzoROPSCi5rbEM.webp,1,0.16978426277637482,0
lVceYQU7UytGw2-e-wYPzavn9xo.jpg,1,0.32167595624923706,0
qcfEd-VsKOEL52eGmKlMH92HKsI.jpeg,1,0.47073063254356384,0
3RDhIv9z0x-WpEa3Y4PkxVQ0-ZY.jpeg,1,0.9763228893280029,1
nSt6OmRemOmljGq9331DfSbAUMs.jpg,1,0.47737008333206177,0
mc50_Un-nlYMNbeHm2P7XVwzkk4.png,1,0.9343619346618652,1
Ps3EBQZYu8qGaHiMMJ5CoMm0uw8.jpg,1,0.10798487067222595,0
FbPnuyTTAaCtV47FqZz7IzlAF5A.jpeg,1,0.7313324213027954,1
dQ3Ut8IYBx2HFqpInWRYzUfAvq0.jpg,1,0.5919380187988281,1
6QlDSymoRQGnjFcRoi3xwpUf2mo.jpeg,1,0.6955223679542542,1
BfpUN0GibD5h1N8JzAv_cHUfMiU.jpg,1,0.4223288893699646,0
NoffUaIXgk4sMqFOPyFFk17_x6o.jpg,1,0.9687410593032837,1
VJ7oObbyxWzTEtspKRn1bvWa_4M.jpg,1,0.31217318773269653,0
LLhx0oTdR5JqXOCj7nJDCovwyoo.jpg,1,0.9983160495758057,1
Nl4kY7edo_TJeJ7b272_pB_ChpY.png,1,0.6296260952949524,1
UY7zhHUororXETxkARj_FnXY7kE.jpg,1,0.7568926811218262,1
B3hUo3lNVhp2IciJ-zkiZiP4pF8.jpg,1,0.31794944405555725,0
pIC6V8s0GWW8hRgJ-3aghKYmHdE.jpg,1,0.9694231152534485,1
2h2OyeVyM7OPHG7mMSfSi0-6wUE.jpg,1,0.29940158128738403,0
q3KsaGHj5AgpCz9exaQcmaYUJ7o.png,1,0.7741914391517639,1
kwSTNInFbr7RRrujZkSHH-cF7AM.webp,1,0.37275996804237366,0
7RgPmly98VvHJPPvsqcBlX40yUY.jpeg,1,0.4065295159816742,0
GkX6W7ClioM3ClJHY3gIqI7Th44.jpg,1,0.24180500209331512,0
LG9KufB8J-KYfP-BBsfwOnJg5Sg.webp,1,0.7389503121376038,1
btsAGZkmqu0yzeX0uKAsWpqaztg.jpg,1,0.484269380569458,0
B_d1KohuRVDbHDRONrKSRrbgOvU.png,1,0.5121879577636719,1
b6u9NDCGmLN8ZBZJSc1AhtPh3rc.png,1,0.9367244243621826,1
5xfDzkNckY0oexWnT8Hue-k6E-Y.png,1,0.7004115581512451,1
56B_NUiO1backIm3R6GiGpyGMrQ.jpg,1,0.27950534224510193,0
90weWNN48fINo-gZiMEPu2m5Ao8.jpg,1,0.9706503748893738,1
tQ2HpVC7nx90qEWiSQP6D4IqYLw.jpg,1,0.942979097366333,1
bCOKmRLT9we5p9SGNJIu8pxBTnc.jpg,1,0.9838151335716248,1
TTyCEia_JFO82kwCWek4RA9A2HU.jpg,1,0.3237767219543457,0
zX8ZAhC2BSjfK0EtXzliNqAYKvc.png,1,0.6832359433174133,1
UQLYKTB0dx-T413mGYRL76ynfBY.jpg,1,0.576011061668396,1
mKGuwfUrA3ZwLC1tCgKbA-HsGQw.jpg,1,0.958153486251831,1
wvhXTbWcO0mkdyk3gXDUuUWZKGg.jpg,1,0.8940252065658569,1
wH5yOPfboHex2megS-KpQAowrMw.jpg,1,0.7567566633224487,1
cumdKaSYm-iGHC3REP8DSu_plwc.jpg,1,0.6564399600028992,1
EZ_fG5cnb4qSw1KXQyYQfnsX0lk.jpg,1,0.9088780283927917,1
8X1JrNHi6lISWFG6vKxkjk9F5Vs.png,1,0.6137085556983948,1
NyIrw75oXKd_64iYf8x6T79POCE.jpg,1,0.998336136341095,1
8XaQkHSUQnSJPUBl7h_oUvWlDmE.jpg,1,0.48829349875450134,0
RIqyA5nbQO-lKxHSYaG5lQoIgbQ.jpg,1,0.8887925148010254,1
G-Ly18zUklQvimaR0bFlKNhkI6Q.jpg,1,0.2169431895017624,0
YJ53GhQEMUPMFieKcjjkrYiY6O4.jpg,1,0.7407446503639221,1
3aetiVnSzJaEIwwew_faIWyWo5Y.jpg,1,0.6433819532394409,1
6bWnOM2G7vyfrd1jSeiy1-MIgjI.jpg,1,0.0865311473608017,0
9ZAtQsBquNPOeVdmny1RAsaWxX8.png,1,0.8230786919593811,1
HNSSjZFyzAgJCeDdYqvFjZ1rdkc.jpeg,1,0.7405633926391602,1
7PjP0Xrt41CeYfFUawqU0I7gc9Y.jpg,1,0.7040660977363586,1
cIuihx8DTPWbSlf4DMFgFpROtXo.jpeg,1,0.9894883036613464,1
YqMqMy0c7qTfyBDJ6hbZpoftIws.jpeg,1,0.4502549469470978,0
2kAx_97KDAo9d_vhFQKTbjmkNGc.jpg,1,0.352386474609375,0
AQxGES6POgcXDlV5KlXO6MxUnAg.jpeg,1,0.9413856267929077,1
ptB8kBC8lfjpwOeC9uRK0rMMqlU.jpg,1,0.7187175154685974,1
1NgFgXSX5EQmM49Cx05qyFjUYuc.jpg,0,0.8571729063987732,1
8n2IG0_Z7eSm1oIjHsVg3Acuj64.jpg,1,0.743175208568573,1
uWwnyh-J0hIdnFUnRjpK6bZz4GY.jpg,0,0.6528842449188232,1
IozrKMC_8IRUc_TIQ0UGXXP3VVA.jpg,1,0.9027882218360901,1
MmhPtIdfmxGcFylW7uuhVT7tYSI.png,1,0.8797096014022827,1
LJQ1PqA8lblD21k3u4aW-VQYb1Y.jpg,1,0.822241485118866,1
8SAl0fyN65L8XpLSWSuAAWVX9Dw.jpg,1,0.8323798775672913,1
8WJGQ-lGK5fdqXDQWjYjvQUUnI0.jpg,1,0.062263745814561844,0
xNGV8AALVQKVamo8WV5IuF8wcTg.jpg,1,0.5210872888565063,1
GTPaGBKFJ-iPn5NWLrvFWj_BMO8.jpg,1,0.1496368646621704,0
eH8p5CM7OmeFkkFthRyLwXkQniU.jpg,1,0.31906938552856445,0
PtnEtxt-IL6vkG2pjg7XMtLTjgE.jpg,1,0.808003842830658,1
VJFZCwwggpAYmWAMnLjm5ozX_yg.jpg,1,0.476842999458313,0
uzrkRRQJoTRq0avNIlJd4rQZjpg.jpg,1,0.9215618371963501,1
c0Vnuz8ert153vPIzZll3BHb-zk.jpg,1,0.34013694524765015,0
pfd3EyDF2nkQtXkHdFrRYFP16bM.png,1,0.28354090452194214,0
T2YWi5-aJc_Xw0h81IDDtzzC8jc.jpg,1,0.2629770338535309,0
GAq0tVImhfdDX6nypAewIASYJ1I.jpg,1,0.8910995721817017,1
NxmlMdzKTK_pFF0zwbWqkE2vdkQ.jpg,1,0.7720574736595154,1
VsJFrR28ycGY214uqNoEUbuUR28.jpg,1,0.6634798049926758,1
xuYPsjJhaZNNiu_HUOS__u5EdNQ.jpg,1,0.887249231338501,1
NVPEvxE5-SYkyMPhSHas4OyQ3YA.jpg,1,0.7416753768920898,1
f8biXjBItT7BhoBp8RzGSee_B0g.jpg,1,0.43937548995018005,0
ij-1zNoc1pQB_BxQbnT-W5r9fQU.jpg,0,0.7910944223403931,1
h39V38OVDQOwZmegpo5O5SWvdg4.jpg,1,0.7380110025405884,1
nSIkE5lt553VKsxZGU0rHgaZDq4.png,1,0.9939000606536865,1
MZAf_qHY-Tu8S1Z8KZCuNSY_RAM.png,1,0.6587978005409241,1
E_KeWPVX-zCrY90g-NJVvhTC-20.png,1,0.9033006429672241,1
9U-v1d39RKbwbAz_jX0SuNI3k1g.png,1,0.6820002198219299,1
WCEb4tZpsq2PB6JuIZMWu7P00Cw.png,1,0.840889036655426,1
U790oNe_T0MkLDXV5lyuaxQ5xk8.jpg,1,0.5503483414649963,1
0E7HLV8FSBosp8HX06HFG_I7lpQ.png,1,0.5118609666824341,1
mkcSbVbL_mW-ugHI6ii75IjM8Ig.jpg,1,0.997885525226593,1
aY12VZICFHLFSvH6OO0di1AZXEM.png,1,0.7734308838844299,1
C7brc0hTnh4NAe7LXhVPhLPnZzQ.png,1,0.9290912747383118,1
fSaGXH8AdtbRR0iCvTiFtsMbhT4.png,1,0.5114020109176636,1
_1k27-dCKDCLNy_f-t1CIsSrcdQ.png,1,0.6491073369979858,1
hXpneiatz0FIG1et4YQySqMXtXc.png,1,0.6567692160606384,1
X_-3FSelko8sIkaqGZqWOCfCB8o.png,1,0.8975951075553894,1
lIQSF_5CfWTFeG4L27IX3l8sAy8.jpg,1,0.7511876821517944,1
4BDktDKKXw69UQxwYtvgth7IbmE.jpg,1,0.6386276483535767,1
4vxvnnSwDWul0sOCXdGFRhKqNCI.jpg,1,0.4351339638233185,0
7LiMH311FitmLGnipfBSGXrafIg.png,1,0.6268740296363831,1
GqYI9W9SXC1_zZDuNoDQELV0zzQ.png,1,0.5253075361251831,1
QVyyFh9p2CZcv2iMveQCR9fYwKI.png,1,0.5186061263084412,1
9CiGOaYoSdyTx2nlZSG3NkYb-N8.jpg,1,0.7462176084518433,1
QefU5C3GYOusGydHm3p2BU1DY_s.jpg,1,0.9554769396781921,1
pmAQTGZNydUyVZUPOO6Pf8gAKaw.png,1,0.6566029191017151,1
9OimgSEpu-KhDLANl8zFoRSNsQ0.png,1,0.8468475937843323,1
P7iADbW13A-DKvYDeWvBrSeVmXM.png,1,0.5691806077957153,1
9jhWSjqvOjzupS_Bt-B8bRD_6t0.png,1,0.4603781998157501,0
r_R_JbSrl9KLzBB905dARasqb9o.png,1,0.6226199269294739,1
p7T7LgFUJGWjM36yW_cIAX9DzR0.jpg,1,0.36572200059890747,0
tqe8V9l32_nAUsaoJIBw_J8XfQU.png,1,0.9595062136650085,1
o4yOZ7m8I9OOKX0RIEVqoqxikIo.png,1,0.7827416658401489,1
XW9ejQcxkHNx9pmHJYtl6R77Z9c.png,1,0.7947010397911072,1
uW7ctrJ8dyQ6TyBEcudhERwHfY4.png,1,0.9103912115097046,1
xUc6ZwSoCJ_hHx5lZF8meQjLQRw.jpg,1,0.7104949355125427,1
2KkNYsEZ6X1fbb6d_VNTKyOXyho.png,1,0.44950243830680847,0
K6rGp4NbDDlwcB0Mm4423S-5z3E.png,1,0.5303601026535034,1
4R2X2Wsjr8btoThIFWxsaDMNNX8.png,1,0.8400528430938721,1
_OJskQZXz3ZIacQBeLRX5Gl0SKE.png,1,0.9152786731719971,1
wYULQ4CguNrJ1sIM5JF6QSa2UPA.jpg,1,0.578723132610321,1
sA_h7V9t-luwpfek8qRWnKcUqA4.png,1,0.2696573734283447,0
DrSEcLXcrzy5OHYUCdbTefe1SaI.jpg,1,0.7285763025283813,1
ue-_fW0zql2ffSl7rbJSge-M34Y.jpg,1,0.8648530840873718,1
NJlRsxyZzu6BFJyLVSnEI7fuH4g.jpg,1,0.9025589227676392,1
7P-i8dtyqKYeoIiMtZ3M4ZTIn5M.jpeg,1,0.6708141565322876,1
SnjTXp9tiGbCFqfn4ZgRJnq9cac.jpeg,1,0.6421003341674805,1
P5bnILKxhog3HzRzVsxJ9DFlHNQ.jpg,1,0.5973011255264282,1
bUhf_6E6d5XqpnsAmvZqkaE0S54.jpg,1,0.8831716179847717,1
g82KFF7qhzDEWKU2ZF3yZaGXGpQ.jpg,1,0.3384312093257904,0
f2xBI_yptKVtUvbo9DQIxWE26ic.png,1,0.41815707087516785,0
ceGCJIHk3OZTx5VPOixzW4BR7wY.jpg,1,0.8534796237945557,1
tM4AYrhgjFp7kkY7pbDMYHjg3OY.png,1,0.7970582246780396,1
QcvpkQ5_Xgj_2SrNMqGE9QAKMu8.jpg,1,0.9949443936347961,1
UBh0Bo0bu8QQZLJX9kSPJ0iOpnk.png,1,0.931598961353302,1
meKYMbh4MQof3_1FEVfgcfu6Xvc.png,1,0.5792437791824341,1
Ys4ggA18-YS4QcdUYoqdjOgjzz4.png,1,0.589125394821167,1
hMjwEHeQU2ez-KWe8ly-ttbo0mA.jpg,1,0.9153954386711121,1
i7fE0t6utHbIyI-JokaJp1NF-Ok.jpg,1,0.30433619022369385,0
Ermj7ppB5BG2OCkvGhsR9apeHFg.jpg,1,0.6382206678390503,1
YGzWz8WahEoa0aLp0x4_t1K3bE8.png,1,0.9182153344154358,1
C8LP24OkmWwRGL0hLrSDqvJkfYk.jpg,1,0.9889717698097229,1
Z--rLCQKszxeDfRVoxGKz1I9PAU.jpg,1,0.9133810997009277,1
Zi48wdn8wNry-D5X4Ju6GvyVKYw.jpg,1,0.30074208974838257,0
1VeowS9HGlHN3Eu-BO-CPFNaVP0.jpg,1,0.6042360663414001,1
INadyP1MnBlWKMxilx0wEtmlNX8.jpg,1,0.6856012940406799,1
1MgLs2wTNld8eRVZqEpnZ27s7cE.jpg,1,0.48929592967033386,0
vLyBXE4pqRxNQ1AvUxyHi8I6MUw.jpg,1,0.7822975516319275,1
okMStz-AoaoxCTXyn7zI943LxN4.png,0,0.6075046062469482,1
pP8yP4ckz_iNo0OSRytB7wXQiug.jpg,0,0.7443541288375854,1
Y5zh4XK4niUhJ9AC1zCahRn3cpA.jpg,0,0.6596903800964355,1
J4qTKXejPXN7_Zc0TGq__knK_9o.jpg,0,0.27881109714508057,0
SSCE0P70XYr4PhJaxVRVscborTk.jpg,0,0.6014519333839417,1
BvRErimvpuJjuvi1wIk2gmn4mIg.jpg,0,0.34941601753234863,0
V6L5BDrWQ8hn2v8diLgC9uV4hDI.jpeg,0,0.6590374112129211,1
uptvkC2gxt5tqRHdeVDaI_HYJ68.jpg,0,0.06553351879119873,0
nvkRfHDJuMLb8DueE00nFsuHN5Q.jpg,0,0.7627629637718201,1
UhMiklDTDfzCh3QXySGrHauWiNc.jpg,0,0.1754133105278015,0
UmJSNeA6nA3J5ikrVk04MpH6JEM.png,0,0.28179967403411865,0
YEPVMq-hZ4bmEszli09FfdQionM.jpg,0,0.02207258529961109,0
qVzJHJqPO_7Vvf-aHGQAwnG-RIg.jpg,0,0.875821053981781,1
ZmGlWpg4lIAoO_N1gaHuBwq8Y6w.jpg,0,0.30321893095970154,0
dJ-hDcd08A6G2rw5fzQkFFf_yqo.jpg,0,0.9993733763694763,1
T6miBPsse1exmc6i2u-AysFFu_8.jpg,0,0.7444948554039001,1
Pa1VS0M3s0tQF0ex8K24vV7mLaU.jpg,0,0.7534736394882202,1
7GbNuo9yQfwRtfnf73C9wafz4GE.jpg,0,0.7084313035011292,1
JWWfrn6EDfb-E2Q-68AggUQmfuU.jpg,0,0.9167935848236084,1
-xcjj2aXcnwmX-1UfMFMceXf16E.jpg,0,0.8063677549362183,1
E9Q8RfHGkHNHBd_kmYiQ73i6qUg.jpg,0,0.49065276980400085,0
ZkVScOCz09y3xq8GC5wtugbfemM.jpg,0,0.35320883989334106,0
tKYLpSPEvR30EdRTxb8t0LVZhFM.jpg,0,0.4237429201602936,0
tyrBm8-xV518V5pXAdkkUWjnm8Q.jpg,0,0.9546504616737366,1
X-OEI1pQ1kocVtKpqyo_lW7Sbhc.jpg,0,0.8521721363067627,1
y_8psEwvKKdMoFeCuG87pO_RvDA.jpg,0,0.609343945980072,1
qNLnudOuIHmYSn09i-isqFEuHl8.webp,0,0.9150635600090027,1
uXNY463mK72YdcljGIfmy4AGNcQ.webp,0,0.38336601853370667,0
w5h3GkRYRQyM6epda4tAJNlFn4E.jpg,0,0.7419764995574951,1
7POsixsGoSbDU6fQy7yicFuCcIM.png,0,0.7368585467338562,1
ecF04NcfBxKpRpI5PF5l-GGsj6A.jpg,0,0.5852367281913757,1
eMVPmnvZn-3UJXDltks_PKkVohU.jpg,0,0.6573936939239502,1
-3tJgJjji5DG-tU_sdpW5EAIaKI.png,0,0.7955349087715149,1
U4S4C0f7IMo4vp0x7mnJdRDCm4c.jpg,0,0.689766526222229,1
SCxJ5lnVtOMZj4N1N7BF8-8kHUI.jpg,0,0.5469470620155334,1
U-B90jJT8lxxn_Lc12nEZ3aPaJs.jpg,0,0.72394198179245,1
WCMMQftS0S_LyfmD3ztb2dpqBJ0.jpg,0,0.995185911655426,1
ig4eCjAm39V6BUpU1AaGF5l5HWo.jpg,0,0.9148055911064148,1
MF_yTci32Jn2u9t00IXcsih3PhU.jpg,0,0.840880274772644,1
Zp4VdmaC7zbbI3OuNuXcvtAzYMo.jpg,0,0.745139479637146,1
MXuVH28X0-v08m5u5xSLd6OfJYQ.jpg,0,0.54705810546875,1
Dp9zANTZo-uEUw15_dg234Qex6c.jpg,0,1.0,1
E-p-XY3ayxr5B_L21JTjixd2IR0.jpg,0,0.9999997615814209,1
02U7nYdLKbt2T-dH935vp-EADdA.jpg,0,0.8684171438217163,1
uLrkPVnciN0Kphj9_4vzrlwwV0Y.jpg,0,0.8319819569587708,1
DKTXm4lTTvpDfXfQPnpLiJzozV8.jpg,0,0.2745930850505829,0
3_2EeB07vWOa8ZyMlTVA8T21HyU.jpg,0,0.9508010745048523,1
aVfNzVtKRlV7_q61T1rI7hZMCMs.jpg,0,0.6369222402572632,1
fjIZnVd-o8NdM9jRza3cYtfZi6c.jpg,0,0.3275091052055359,0
BeUDak_AFvrVmkVRMAA_bm5P6hU.jpg,0,0.46628355979919434,0
0V6zwtW690MlVynv972xj7EigyM.jpg,0,0.6652233600616455,1
Nsviab6eXIutkhcaoCcjx3fdZgE.jpg,0,0.7952989339828491,1
6ecjEkBw6dukll4XhPs9nfUSFSg.jpeg,0,0.9782719016075134,1
JPGfeUZ02AKxBPvZwpGN01lXpmQ.jpg,0,0.12856851518154144,0
2E3sV1LaMNBIoaaWpNO0bVJaSCo.jpg,0,0.7903925180435181,1
vk-xuJie8CStmuJFx43guG_fyGM.jpg,0,0.3369238078594208,0
y6PzT3DvtP_pVuzRbOftrYc2e9k.jpg,0,0.4544858932495117,0
Sib3xFqqqKxlcOduYj_v1AX07ZE.jpg,0,0.7833078503608704,1
o3tHMSqX3jK69j7YGXTc8o3IsdE.jpg,0,0.8884413242340088,1
4Mf0TQIRG3igKa8yR72T-uAJ3Ok.jpg,0,0.4185532033443451,0
U2zNxgJnV_H6oP-xY3lL8IwCpxc.png,0,0.8337721824645996,1
P--FzisvkJaIfHncGhhEEbXzv0Y.jpg,0,0.8794454336166382,1
5NEeedwSwvaaDYmoVavLW9qCwxg.jpg,0,0.4363674223423004,0
L6GQPPGq3dHY1pj5_qKQuCwFkIk.jpg,0,0.8106513619422913,1
eM3gW-lg1MM0e_wE-VyAmQmHQ-I.jpg,0,0.5975387692451477,1
ZM3Dbnd3K_IeOkI0JHNhxP6NvH4.jpeg,0,0.8278259634971619,1
Kfqd8zBLjLmiMqmWnvHKMsfJPEc.jpg,0,0.5075744986534119,1
IdqE4I-p2NtpPcKtyxWLwTFVlDc.jpg,0,0.3485372066497803,0
0lkzjjOKletlq1qkW-W_clekX_g.jpg,0,0.4203331768512726,0
wEDQFaYrOiaIn5OP4KfWXRxBxlk.jpg,0,0.3311132788658142,0
mFemqC1fIc2TiqTj9ba5xJyIACM.jpeg,0,0.37090301513671875,0
tZC-ADTxxk4EElZBYvMiByeMa1Q.jpg,0,0.5243498086929321,1
Iz-4cPEKTEznZa01ELZunUnwdOA.jpg,0,0.7464096546173096,1
UgRPGIcWrCpMmN48CejQQfMmQ6s.png,0,0.33713865280151367,0
yI48fUOLb3pwmBub7LBX-8J_Re0.jpg,0,0.311180055141449,0
Vr-1Tb81u7SqmX11ErrPGldmUyQ.jpg,0,0.7363287210464478,1
Mz_TUv54tDL5tS1cb-tfnjzxEs8.jpg,0,0.2327907681465149,0
Ys8aV3nnUH3RrFScoFOtYKawyF8.jpg,0,0.4494657814502716,0
zT2XR_whFUrP-NmaswVicO9lY7s.jpeg,0,0.4918772280216217,0
8bur7i3ULsDQptSUsx_27VbCvG4.jpg,0,0.2945620119571686,0
VYTdQLF1sBAbWyPwNLvUNGlKLhc.jpg,0,0.9052041172981262,1
v4t6E0sYoP11mTuheWqGtZM9yWI.jpeg,0,0.6661916971206665,1
4ZaWWilLHcv_rbaHqBRDynv62wU.jpg,0,0.883758544921875,1
6zly7lMa4RSywAAd_S0NcMMqPDk.jpg,0,0.7051510214805603,1
EJah-CpZLsGN4mMjNcJ4jBvHlGs.jpg,0,0.9971762895584106,1
TLogQ28Zd5QaOOEP6rBgaxZN0TQ.jpg,0,0.7111656069755554,1
uHiUySuTa12dTQv7W8OfzcauEIo.jpg,0,0.7848366498947144,1
ZZuBfQdCgf1xvbfTNDFYfD3Lpxo.jpg,0,0.997750461101532,1
c1saf5bpW25OcBlr4Z7UC2OsPIQ.jpg,0,0.7679455876350403,1
PnK-7KHiB_usj6-cU5IaB18HV20.jpg,0,0.40359416604042053,0
7RhMDrE33zhhfg1PfF9KX44dmJ8.jpg,0,0.5596129894256592,1
NcKBBEyYhmv2GsJEM04tQhBlOac.jpeg,0,0.6507139801979065,1
doqtkmlv1QCYutpNNvFmxOFPBfU.webp,0,0.9954916834831238,1
xa0GLxMeBKWY0z-QyYF91hZmrCE.jpg,0,0.9582740068435669,1
zMUd0xPOhVGIh1rSEuemWvtETbg.png,0,0.9180377125740051,1
jFzs_SCRSIsyplQtvft2bUewsfA.jpg,0,0.8935472965240479,1
DxcK1ABiqdfM78C50JxzY8xwWvo.png,0,0.959186315536499,1
PAzaryfggIu14f3ygVY_DBah2lE.jpeg,0,0.45391082763671875,0
DCk1as8bmL06Mh68fSctte1OkcE.png,0,0.5571669340133667,1
5eXrj1akh8FU0RY-Y_8MzxMD224.jpg,0,0.925596296787262,1
c2Oc9UThHcQ8gE0Xj_rRwUtopbU.jpg,0,0.8778128623962402,1
iiNCsJJowYBTZK0bfkkVWLVDY9M.jpeg,0,0.73380446434021,1
QVu8Vsil-JPYDHriv0HmgIzcby8.webp,0,0.6944119930267334,1
A9N9-OdwmLr1bNymyW5VLPt76do.jpg,0,0.959952712059021,1
ZUYdRO3dOlvpkKQiAG0XNWarFPU.webp,0,0.9806603789329529,1
dq21fQBmX5sHcXsnr109aOgohEc.png,0,0.982065737247467,1
6xub7v3QH4s0bVDmzm3dbG5jcEo.png,0,0.6445122361183167,1
z6AIRBzhz9DX2d_ewAFSoshN7_8.png,0,0.991790771484375,1
plisEnEqVk-Fbfx8wzaJ0KOAGd0.png,0,0.9915314316749573,1
JYxHvL2Y1o7Lo0hRriu1LYsZsaw.jpg,0,0.6837468147277832,1
36MSxxixBdL_Ryf_AorPV8HmTgo.jpg,0,0.5323508977890015,1
_8lPA80hCpkS-lrnJ6-nOIBwjWc.webp,0,0.7611879706382751,1
wWjMnYgfA42-Vfff8vHgOYbEGQA.jpg,0,0.8330817818641663,1
adKX7yIoZiOzQNMMRCAhaotLD3Y.jpg,0,0.39041224122047424,0
msyuMUU8iL4H_KLTiYKf8TIbPpE.jpeg,0,0.9874377846717834,1
MWmpGuQQl54wu9GKlgxfzmOdurI.webp,0,0.7552578449249268,1
Sq4ya_bfXc0kyuYZNoAK8P4CSNg.jpeg,0,0.966320276260376,1
cX-yOsFcCAdsb2Y0-vuOR0CXj5Q.png,0,0.9930773973464966,1
2q0WOJNUFtIUPJCGqN3d0LZELTk.webp,0,0.9565441608428955,1
G5dM709WR0ZTUnIRWNqJANamSeU.jpg,0,0.3629399538040161,0
fbN_7l--NyTMaDR9WNDqGViXqKs.webp,0,0.9989725351333618,1
zb_rirJZoGDLQ-0N9i7OoFLqu90.jpg,0,0.5170795917510986,1
vLY6PlRxIznavs6K0gMzjraPAcs.webp,0,0.9993446469306946,1
yh7ufAht0RWR8lp1UhRV07u82VY.jpg,0,0.841334342956543,1
kWq1NGnG99bBKwb47YzL-eZlpBg.jpg,0,0.9341265559196472,1
P-Q54Vpa1fRpuIXYVOmxiKTqedw.jpg,0,0.7419118285179138,1
gA2UjTwx3jZDXRUNvWSMi2PpoxY.jpg,0,0.754977285861969,1
x6ReGaz8h6-lxTyJNK3doO1zKEs.jpeg,0,0.47818678617477417,0
e1gaeMZgKnQKtTVEJFEGH9s2QGg.jpg,0,0.6588925719261169,1
dZYR3ayssB4gpB5ehsaULrtG51U.webp,0,0.4358535408973694,0
wumeY769wUMh7eViUn0HjxYRdFo.webp,0,0.5330638885498047,1
mAuN0IhKI08bATM2KTkWYuU3HPE.jpg,0,0.9999877214431763,1
Sue0a99xLsWl65FD88IlSoGzWIk.webp,0,0.9138946533203125,1
1SkNGfRnN3YRVtV_-aVKGxmDzmM.jpeg,0,0.5136041045188904,1
sYmHo1Yix-qAWopTkDC8k_16_48.webp,0,0.7228178381919861,1
dLEQQ0uEmV9wa6N_xAHBtdNk1nM.jpg,0,0.9894223809242249,1
7Aqx4QnOPgdX6MYciFL0CVpJ3Sg.webp,0,0.49640870094299316,0
2oqqfXfm-eOfhGBMmxLMoB7_qko.jpg,0,0.12782186269760132,0
vKK-LvFc6kIwCkiVy1wYQd_rGjI.jpg,0,0.9974138736724854,1
VrF5JBylK7IUe1z0XNB2eRpNtZI.jpg,0,0.7452528476715088,1
aUlx7WHQUhB6Wwk3ZSDuk9EbtXQ.jpg,0,0.19178591668605804,0
j4Ig4BXq-vpxYScPaEDn9fS95KQ.jpg,0,0.975252628326416,1
j47b5et3rbB1etiG4VxXMJ1Lrvg.jpg,0,0.39094024896621704,0
ExcPmdehFPRfpoDzxCTNBKW03Wc.jpg,0,0.3591097891330719,0
ebEqSVsmTucErD18L7_08exOAEs.jpg,0,0.520226001739502,1
CZ75wk3QzFgLrhiPcbB4AdyFyI4.jpg,0,0.3712402284145355,0
Nj8x2bwsAckPhQ47O1ZR9AG6W3w.jpg,0,0.6232408285140991,1
n3yKACCQg1M1uBFs6pgOIYDlibQ.jpg,0,0.9999970197677612,1
w6aD6P47S50A1n0SE9rxPlovGM8.jpg,0,0.9709149599075317,1
C-LMUySHbmrwi0D8_0sc7bnaAnQ.jpg,0,0.2936061918735504,0
1HWCVlO439pj2eTWCe_CHXjRUO8.jpg,0,0.7256453037261963,1
3iXqiUC3cqUsyuqWrYuZe65Twiw.jpg,0,0.9900257587432861,1
5QnYKFIvl33UBAc_8eh5VeXMMjg.jpg,0,0.7895312905311584,1
WPVP8u5g144Q7XlucPM3qNu69Ys.jpg,0,0.762328565120697,1
kb3xsw1Qwsinu_-i2Gkh7fyBMuo.png,0,0.47201037406921387,0
i7-X30l0bRyKvL6p9Ftc4tOwjyw.jpg,0,0.5938878059387207,1
Joz0HkDu1FRJuz_ylutkYMyOzdM.jpg,0,0.868846595287323,1
LeOhwvHmwCnnljQj9IZmGmEQzGI.jpg,0,0.7837165594100952,1
7FCDMcNHwvITtAtLd813qNjfEo8.jpg,0,0.8475782871246338,1
Lw4-HjR0XDikuG3OXYIwLmCQFKg.jpg,0,0.3512626886367798,0
InezLTuTSXA9qEAHVOLcue_T6AI.jpg,0,0.8553838133811951,1
r-QTZ9_N1VFMLPEYEnPBq92xR8w.jpg,0,0.9560076594352722,1
fePPAf_T3zIBlhuEpFiIakgoodY.jpg,0,0.7863472700119019,1
BoJXdSL7MNp61Bk5anqmcVMoiHE.jpg,0,0.8878340721130371,1
3OAn4EImDE52egbdwr58rJmkFjk.jpg,0,0.6717070937156677,1
hj4ac0-d84RWBYbqlsYzoinIqfE.jpg,0,0.973404049873352,1
pw-3vsJs9lvtg73_rU7vHdPvBzA.jpg,0,0.9465839266777039,1
9u9i5w0qIHmFI1Sgb02h06r5lAU.jpg,0,0.9850184321403503,1
nt46mKjGkVg3Ku4u0ZhDI9jd8S8.jpg,0,0.761061429977417,1
6ZDiJJIolfE9qSQ6hODeceiGG1s.jpg,0,0.2592725455760956,0
FWf_yTtn5QyTg31duQ-x_AVj6dA.jpg,0,0.25813448429107666,0
I49DarlzLYflUWrBFbTgGxiHLJ0.jpg,0,0.9619096517562866,1
73Hm1nLDnXmjkfTddm6QA1j9xOc.jpg,0,0.07960496097803116,0
nM3V8Tm6OR4eIZaoIpsH_rAFSuM.jpg,0,0.3917555809020996,0
0ieEmLlDxI7YU8_TnTTx9ONG60o.jpg,0,0.8650318384170532,1
o2ijPXHA6mG1Oz67dapzTyAmOgI.jpg,0,0.49204733967781067,0
Yrl7TWkr38yDVzjyULqLiBuheZY.jpg,0,0.5864874720573425,1
XLOhPQ8kCHONrxpx9cnEjHG4uDo.jpg,0,0.8550377488136292,1
3X_768ZYMdR3rpeSy24VoRz3Zik.jpg,0,0.998097836971283,1
A9428tUSRDKq73NeS-56MnRwXuQ.webp,0,0.2269512563943863,0
0N-YIMu9SaRu2jIIYba1OfITqyc.webp,0,0.988714873790741,1
Xsn630mN3wXY5Kn8St8KPIgVnd8.jpg,0,0.9046167731285095,1
6oMBQ_qKS1t_fYRY5zakLvjd8Po.jpeg,0,0.371928334236145,0
XnvBSbaYRciPIl7ymTTQegYMIFs.jpg,0,0.9841356873512268,1
DlrfirVQMiznQHeiGF9yOXOZRtE.png,0,0.21004103124141693,0
0XnFwNNTdA4C0QQTZJhJYMHPSmo.jpg,0,0.8409128189086914,1
uoajjc9HcLl1E1QTyaK3CfW--Xk.jpg,0,0.47028848528862,0
KeOB3SfLh1aXN5x2cSsB6oB8-UQ.jpg,0,0.6792792081832886,1
9T6FDFMJ6Miln_ZwxnFo5usqM2c.jpeg,0,0.689916729927063,1
imaZXjAvgYMzRjfcFUPoXM1jUAQ.jpg,0,0.905257523059845,1
5YnSNhwTWylAHEOUr0juVYY1F8I.jpeg,0,0.7362725734710693,1
FLksxadnNy5JPfBLcOoLGdSKu1Q.jpeg,0,0.8031816482543945,1
n8O0VjpNAoOEF9HwLVifnR8RY7o.jpg,0,0.525917112827301,1
L61ftzWSphD28xMnBVFpwtU5ctc.jpg,0,0.8301267623901367,1
29kVS9SD_YKJ8CZbRkIfpYxQrbI.jpg,0,0.7187638878822327,1
xjn9u2cI7eKruL35pqddS3g5JOk.webp,0,0.7220544815063477,1
ROQBb6uQGIlKcehdOcPWCk8S2OQ.jpg,0,0.8097723126411438,1
Goahajoca5fOD027N4Ns6CuJjq4.jpg,0,0.4702935814857483,0
_bNUsUI8jpNL-B6D8HYSJfW7yfg.webp,0,0.7620519399642944,1
v01MxVWl2axxMQZqjfwx8dQ5NRA.jpg,0,0.376361608505249,0
iwql0DrJYYCWEnMbKr3gg1K67RU.png,0,0.7113783955574036,1
2VADrmk4C9Ou13cL1eUEZ7sJcyE.jpg,0,0.8287838697433472,1
MQgQcDIIEzxZ1MAiyIXnpzyTow0.jpg,0,0.8506197929382324,1
WmZCIPvp4BofmO9DJTXKNHnqH8M.jpg,0,0.5776774883270264,1
zIV9HpjdLUV-dHU-vSnKM06k1t0.jpg,0,0.8521644473075867,1
NVTCXLV81lzxq0quwbZSRejeL-k.jpg,0,0.5324870347976685,1
rNJlLkTa8h6PEuIO3wjp6bs1YeQ.jpg,0,0.9734731316566467,1
VkQFQhrmVFrH3hTkVrR8MluqCMY.jpg,0,0.21219775080680847,0
Hgs6TlG6G7-oqAt3P6nCOTsTsaM.webp,0,0.9179615378379822,1
SBq5xwVeSB_cpTYtrZscBV_E3xU.jpg,0,0.11009684205055237,0
7NPamju7zT6iODmufThL9ycHe5Q.jpg,0,0.9669257402420044,1
Cen-Qra8nc5s1gZuKpd9paQOJSk.jpg,0,0.9470488429069519,1
KZXvaq409_frn7osPCEIooIWh8U.jpg,0,0.45572933554649353,0
SB09X5l43hQt6W3BjRxRg7zQu4Q.jpg,0,0.6595516800880432,1
dwnsi5xrVNfHZ8l5GB2zyZVkIaY.jpg,0,0.4605744481086731,0
J4Awkl8O01bKVGTHgZwFwwiglxQ.jpg,0,0.5693107843399048,1
ZjK5K4in7A6XSaVZoGAI1rXCgE8.jpg,0,0.9947735667228699,1
EkdeAjHyTH-kUC6I3k9MhetWi08.jpg,0,0.8403321504592896,1
-2AlykYFGu-GUOAg5Sbpl7lxkBw.png,0,0.6195170879364014,1
o1Bz-kCPjLKqeZNg41TB6ORNxfc.jpg,0,0.5424522161483765,1
OcDQBMp615Y8-nuacmmDZMqcRlQ.jpg,0,0.754365861415863,1
yyvzpBKHmqTXCKSmHq1_XRPu8U0.jpg,0,0.9440587759017944,1
2UrzOAnfUnS01im2sanJ2zaYh14.jpg,0,0.14481179416179657,0
mMPOlAbu3mqeAVq6KccxGdRho5s.jpg,0,0.5775943398475647,1
lQ2HnfgoZBysp-drkm6_-o2vVj4.png,0,0.9815642237663269,1
xnlk7M8Fer1bNf51dFI0pRxfUg0.jpg,0,0.7273305058479309,1
jqongfItJcvHgmDAW3IcAxMQI6o.jpg,0,0.9536686539649963,1
8AMBRE2Y4PUu1f8HICluBi7AH5E.jpg,0,0.99369215965271,1
VupAnuPArnkn-ZAx7vvGx9QOsNs.jpg,0,0.7836319804191589,1
35S6L3j_bKz2P4skfl3ACsQZAvE.png,0,0.999624490737915,1
sKDCQjyw4nMC2pA3Yn4vr-xkBTc.jpg,0,0.9999986886978149,1
eefWxQCvOjj9wRR-4cNW3lGK9KA.jpg,0,0.5009867548942566,1
DTLAivL3g7gOr-VochmtTWaMIo0.jpg,0,0.9935584664344788,1
TEfcQ127zD1HHmPGrhdlkmAPSiw.jpg,0,0.6442000865936279,1
X701Q_CEOmfIUHLlIZ2YWSTToFQ.jpg,0,0.38813140988349915,0
lPbzZh6AG9wAfx6zxa-xqByNU-M.jpg,0,0.25455740094184875,0
ot-zR1G04VESDao38Wt9HPVCbB0.jpg,0,0.9969454407691956,1
hYMaWtpW5S803XRBkjQ6q813AN0.jpg,0,0.12115705013275146,0
6e5l8myBDS_uDu8DsG-ZnWYYjjg.jpg,0,0.5720069408416748,1
5OGCVq-pUxEkuesnpYGg3Pg9Q8U.jpg,0,0.9975051283836365,1
RC27ZYqKn_Fy1uaOmult2ap23ZU.jpg,0,0.3843483030796051,0
vpcKnhNATDLsHUXhzNB6MKj14Fs.webp,0,0.8321937918663025,1
iI3AjbmtHu6dE0QeZ_hzpvjKbcI.jpg,0,0.9023354053497314,1
KW9dARF9QGKhIlxfEpGOSws2om0.png,0,0.6462443470954895,1
0pyb7VuQxIwbucxMr5odfD9TjSE.jpg,0,0.9105530381202698,1
Ymz5iuWn8ajOpAEafdqHsQA8xa4.jpg,0,0.3453355133533478,0
c9fRQtiCkSrnk3v9jz6erhaCpNw.png,0,0.631589412689209,1
NnZ6KC587DwRQ-0iMpwI1xByTpM.jpg,0,0.5900874137878418,1
R9Rgf4UmPj12uaIBUveXS0KCz3E.png,0,0.37779542803764343,0
poINCeQSFvj-yRE8KoY0KHZr9FQ.jpg,0,0.9204267859458923,1
IqcNkoahuYZCCyQ6vUIsBU9osWQ.jpg,0,0.8310201168060303,1
mUxR9JE7Z8IDDhd6gF6pVnji3b0.png,0,0.7404599785804749,1
WbK2wFYHd60sZL6b4DYVLwNG-W0.jpg,0,0.7064272165298462,1
WcxID4PPaTQw8YQN7dIXpTamr8Q.jpg,0,0.8475697636604309,1
Z3Gmm83IjlzjV8OnT0km0evIGCw.jpg,0,0.9129034876823425,1
-8G2otgGKhxehunOClFS-q41W9k.jpg,0,0.7804039120674133,1
sT0nIGiE-4K-6LYgIGvLZq332ZU.png,0,0.6646644473075867,1
ly90dUG2GyT_D6vMkE2g4g_Rq1c.jpg,0,0.8215603828430176,1
2Eny1Mh-8nbJ9FjmI1gBi4sjvnU.jpg,0,0.9806994795799255,1
ULtMUWlzHxPPc8ZnrgrPxJ70HWY.jpg,0,0.880833089351654,1
ponIxh9XOZggT6tuaYDQqo7VuBA.jpg,0,0.6777493357658386,1
v0OsQD7AbtwQno0FiAsKZLa6UmI.jpg,0,0.994823694229126,1
3QzSngPolW6RuSF2QAFQvChk9p4.jpg,0,0.8497266173362732,1
lh-PiyfjPmCxUfzTmcZkXPakrXA.jpg,0,0.7869214415550232,1
mfqO8Ydzdugv8iAc7gzLVQp64a8.jpg,0,0.6744418144226074,1
3WirA3e_diitOBasP8Cud3fTqkI.jpg,0,0.8290295600891113,1
Kc5zUno-mJ_gxS1HYtP3a1_0Cog.jpg,0,0.553776741027832,1
nmhJ7BcgOeXddqODDLHEAqaPQX0.jpg,0,0.6183239221572876,1
WFt2DimNac05h14roWTM-fP2OUI.jpg,0,0.5268731117248535,1
xDDScdE-3KlRBheoDxeINCHG2QM.jpg,0,0.8234679698944092,1
R1Qc9DjI4DSRYoSrliK5896ftic.jpg,0,0.6065804362297058,1
J4_EzcHg_r5objzaiIJPMaM1hOk.jpg,0,0.9985365867614746,1
F7qrmDcnI01TPjYNS4Tdd8OkfM4.jpeg,0,0.7635793089866638,1
P4kIY-Vb7GNxubyDKr7NC4tFyxk.jpeg,0,0.6725038886070251,1
N85wKbQGwvgnFd0E-gmA_WXZfmY.webp,0,0.5870367884635925,1
t1ChhPlw2FBnI3V4AFk9vhYn1qg.jpeg,0,0.6182941794395447,1
9bXCwHdgWEV1pGibz5Jt21Pj_6c.jpg,0,0.9979939460754395,1
hwvKS6rdq2iisU42UcSVk64XfBM.jpg,0,0.6032886505126953,1
vPaJF3DRCufzvChw543zDgYFAXw.jpg,0,0.9231778383255005,1
yKUu_aoOW0wzjOoCa0ceUtz-5ac.webp,0,0.915642261505127,1
lNwYEycRQi5STXyZo_XfY1-Brf8.jpg,0,0.4495866596698761,0
vhveN2WXCPLa_7gLVHub9XuI-j8.jpg,0,0.8294599652290344,1
36Ix52O_kxCoeGxp7sQvW1BYico.jpg,0,0.3444943130016327,0
AhnLQkoPrpTWFMgBPTpV3bLBEsU.jpeg,0,0.8977277874946594,1
91LAWg41VlyHa0o_LeKxazizuNs.jpg,0,0.9237237572669983,1
Mvc_gJdjQ6q_BPWwqP9uF0WlGKI.jpg,0,0.9255539178848267,1
AKPy3ezzKe8SSwiAhwExohXG-EA.jpg,0,0.9487125277519226,1
2P7gQXZL0D445IBqosGAraVwgVU.jpg,0,0.5271945595741272,1
7QoUVJDiFZOdVOm3_hqZO9670Oo.jpg,0,0.6389544606208801,1
tzSYngij9z6NoIvlYhxTZZwcMmc.jpg,0,0.6486262679100037,1
kIJ9daO2D8L3jVERD78EJ4tpwfY.jpg,0,0.3913516104221344,0
xk56ukDz88SM9_U643HfxFa7Upg.jpg,0,0.9143959283828735,1
AMzi042f_Qp7KAS0MNXNF-8bcWc.jpg,0,0.6837783455848694,1
5hvw5CQmuYl-0Au24Xe0vBS0M0M.jpeg,0,0.7835845351219177,1
4EE4vlkjx4sKydaHH7qHBRcXmPA.jpg,0,0.8945980072021484,1
Z6Mh_y_TZOCM-sRW6O9VUmqabBM.jpg,0,0.999930739402771,1
0UIKl_SHARk2GTCxkHfBIWy2rbo.jpg,0,0.5809112787246704,1
JU77t_yW1yoRNa6U5lMVPaNIALg.jpg,0,0.8345062732696533,1
UdbledYQqQ0wt45d8-RhxjiPfhg.jpg,0,0.9889455437660217,1
z2ZN6VvkmKDmbC_2rdY7dbsYoLk.jpg,0,0.7878681421279907,1
LJyG_1rhfnsGTWcqOXg77HXRxWg.jpeg,0,0.6983478665351868,1
9i9qaonoVuzTjAVFeVU3ZJeh2Hc.jpg,0,0.8461364507675171,1
3kOQQmPLlo3OrhTGbTo2A5Vb-9k.jpg,0,0.9613733291625977,1
D3nVKF6KDYH8Z_2ci_CMYCeBuAs.jpg,0,0.6261979341506958,1
Gsgh3_zOW20mARP9cgLaZvMrbTE.jpg,0,0.3164512515068054,0
OWbzmJcnMgQQJgocK45CBuj5rAs.jpg,0,0.986113965511322,1
SzikGc5HxZQ6MgBY-ZIrCwBAhxM.png,0,0.9276226162910461,1
mfhNvsUi6JOGkeYl9YCcQnHKjW0.jpg,0,0.9142032265663147,1
wQsB7QTGT4cRXrSZOwFYc_ZOMbk.jpg,0,0.9511867165565491,1
l_nKRMgb1j4zWoSr1FR7zdCHGzE.jpg,0,0.39309507608413696,0
6nRIkNxoil4YlwaxViICHn31xg0.jpg,0,0.7616796493530273,1
vgTfRNyOcTd9wIt26YPXNfM7ro8.png,0,0.4080514907836914,0
_yNFCOzrro5-4laTZ73ud1fKWhY.webp,0,0.9464602470397949,1
_gM23qqmgq2cZV49QvbJtZGwKws.jpg,0,0.6558266878128052,1
nFYHzajKV6amzAMoaOsOu2f7OYg.png,0,0.998878538608551,1
pk7JzkTObeQpPPMy5NgUxsRXTEA.jpg,0,0.8784978985786438,1
ASnQ1np1M9CP1UpfcKcxgnz-C3I.jpg,0,0.9818164110183716,1
B7OU3MnS3gjF7tps1lJ6X0nItOY.jpg,0,0.9605975151062012,1
MwmB2uxDhtaslbPy644KUFlt9nw.jpg,0,0.7551509737968445,1
TBBAhzndBl_4YN6JdLpcrbd2oXw.jpg,0,0.5732405781745911,1
bjwA2fC5abHO3HJnVz58cyZGiM4.jpeg,0,0.6311548352241516,1
0-CAx-4yjLbbihiybJdjA6TMr4s.jpg,0,0.4666525721549988,0
8p7OI7yH0fq5HtB9nblQ5YLZiJw.jpg,0,0.8326938152313232,1
gr9Vk-LRfnM5u0BR8bV-kifLxtc.jpg,0,0.5463057160377502,1
iLU7ZKyqd3axx0hOUSaDqfD_TRk.jpg,0,0.487968385219574,0
kkLibitzYY24G5rPhWLkUv8ZKbU.jpg,0,0.8983577489852905,1
T7pAn-x06l37EoHjkd2-LVdoqaM.jpg,0,0.33830374479293823,0
fWcaj-SyVb4YybRod1T3nsEwGpg.jpg,0,0.5407239198684692,1
voTY0q_mq2AfCUA9lZWB7j3r4BU.jpg,0,0.9478099346160889,1
Ix3NG72KNCU8z9qyIqLp_XiEmC8.jpg,0,0.6289989352226257,1
g4bDTfLKe07qmx31w82zS3je8DY.jpg,0,0.7045003771781921,1
kN_6RXUU-QXpXVdw_QyCy2dRsO8.jpg,0,0.4090067744255066,0
U42R_4HhEOfPHn8FtaoaDvUM_LE.jpg,0,0.9982866644859314,1
PoeeJ8paLH4YiaXO0hvehlYz_LM.jpeg,0,0.8835707902908325,1
OK2W1H4NvN5WS1GAWJKQ9HjEyTA.jpg,0,0.5090978741645813,1
LDNMCZl64VGm2bqZLa8VPOjjh3A.jpeg,0,0.680209755897522,1
CxOnwIcQFeu8yTBRQkPGr9ZcNlM.jpg,0,0.5309352278709412,1
WYkMooOjFbMf-E55Ms9rfU2vkqI.jpg,0,0.8065279126167297,1
f480ZrLGAphOxO96yXZKQDYN2iQ.jpg,0,0.9426456093788147,1
fCKm3_GRuUBMeWnTTFfJD7gVqUY.jpg,0,0.9202257990837097,1
eN-tAMnqIgO7dLzCtE2J6i7eiYM.jpg,0,0.9894145727157593,1
hrfzHmiXQTQAhyXJKSkBGOd02Fw.png,0,0.9088845252990723,1
jTulN05f45uXnMLprhCAlVgoWgA.jpg,0,0.9998770952224731,1
At_bEkfcVJbal7pwAF9RkEbdzMo.jpg,0,0.9011197090148926,1
ndSnkfaN-GQz1EmfF-_YLMfQxKU.jpeg,0,0.9590174555778503,1
LUSWRhg5kcVM3iVe08gj7-iZxPE.jpg,0,0.8295049071311951,1
eG4GmPKw0nxgoIl4lNWrf1jKQ8Q.jpg,0,0.9945242404937744,1
giizxnw0NVv28KiDut13tBaRhm8.jpg,0,0.3726385533809662,0
b_fNC2zq710ubSbxVVZasYWoQTo.jpeg,0,0.45057985186576843,0
ncjavvIfe0ysy88sMTll7mKJO6o.jpg,0,0.9999829530715942,1
y3lSlbZTZg5BVrLsLwoGziZ1nbk.jpg,0,0.6707886457443237,1
STUh1k4_ZgN-qkvGx87g_51oi2c.jpg,0,0.7006739377975464,1
Mrk3-drNTYFy9wmyWcvWgTrxwy0.png,0,0.9415526390075684,1
YSnI7-8IdOBPP9i-fgXAHHO5gks.png,0,0.05715816468000412,0
G0T8a0RPC3qFJJLg8yj3z98w7zc.png,0,0.9945263266563416,1
BThFmkyZ1ghd7mNMMEebUY94R_I.webp,0,0.8394129872322083,1
jGJI1KVYP9WQ2Fpep3JibNyOG8o.jpeg,0,0.9598325490951538,1
rxNCJyZLKDAqPPrXJKGBrBZRSUg.jpeg,0,0.42634057998657227,0
64N1soY24zpBLxvYd80Ro1gWwr8.jpeg,0,0.8963923454284668,1
8Y9O0AG6410NN59WJ5_X2mbV5Ps.webp,0,0.9498973488807678,1
SILfQR7zaVPdRimCitoLRmqW8bY.webp,0,0.684548556804657,1
hiaDNfOL8wCPuk0FDx5YaDRh05s.jpg,0,0.7640829086303711,1
_RvZSCtN7XGhKMYyeqFolU0NFL4.jpg,0,0.6228948831558228,1
AQX9VQGzH_muIG7LXTQV8RPG1HY.jpg,0,0.4649827182292938,0
s4wtAjvaWXp2GIETs2gM2ow8_3I.jpg,0,0.6606808304786682,1
LyPrkV7lMgH3Lop6pouxlM8IolY.jpg,0,0.6908208131790161,1
WGDhVLBqKd3HMzWTaRQa-NcRSPk.jpg,0,0.9309978485107422,1
iIP4hwWGg2l_s_r_DHQ1Y2zKx1I.jpg,0,0.5101982951164246,1
JMLOoLyTWnBQ6OBOGQ9g9o4gn3w.jpg,0,0.7964032888412476,1
JYZBqYZLrajFm1v6zVcfSldp8p0.jpg,0,0.9998061060905457,1
6zY0CEuynCfEPjyrM-J9fSDdPhg.webp,0,0.9999079704284668,1
_GVQGtVmGqJwFg4zn0VOqvR1VOk.jpg,0,0.9968462586402893,1
Lxht5bhbka5gqsAr4ASkn1LqUgI.jpeg,0,0.19158953428268433,0
4j-IYsQYvsINkm4BdrFUpHTBjTw.jpeg,0,0.3782191872596741,0
EVFKIPy85Q2ofOmAQyIc3QLpwzU.jpg,0,0.5449920296669006,1
lydDjQM7GvlkN7qRc9FOXFPTzdw.jpg,0,0.49412429332733154,0
WwPLV1VVv2WD70-vyxYUnv_-l_A.jpg,0,0.6016932725906372,1
5gBduCpwwMXB5_T_UMKGLsRVxXQ.jpg,0,0.9125998020172119,1
9LnNIjQ6x7d3VtajEB9pGJx9ymE.jpg,0,0.9721040725708008,1
Ksky0qJs-jL0SdT4prJ7qg9RepM.jpg,0,0.35801011323928833,0
G6cLoybs_i1Bp7KR0_3PxvF06sA.jpg,0,0.999996542930603,1
iwTicMlgRnwdXrGT_QF4BuHt-P0.jpg,0,0.9077346920967102,1
Si06MlSbhWneddeGVI4LkgIJbUk.jpg,0,0.4687102735042572,0
fj-rGqoVjXDMvYweuv3UTL9ugfI.png,0,0.531412661075592,1
1qBEG42D_-qns7FhEP-Y6CVUb-k.jpg,0,0.9736750721931458,1
j5onpPzQ4v32jwtQvYsOYCB5SUM.jpeg,0,0.8586898446083069,1
f0cCmTCh3MSYneIgeJZk4Y712Pw.jpg,0,0.6852225065231323,1
fo3S4sn5S5Ntr_bSNdOMTTJ0K-M.png,0,0.6919482946395874,1
xKcY9t433lnpewrcL-b7z7XMhzM.jpg,0,0.5855541825294495,1
T36iKT_6kgZEyE5uWvWntEInabM.jpeg,0,0.5586201548576355,1
QWm4BZjQeH5dpb5q-uJN-635kj8.jpg,0,0.31199631094932556,0
nPWPnv-ap5BMVm0RhC7cnADeay4.jpeg,0,0.3339385986328125,0
kW9NxW02ZlE6QVixjqbLGxwwBgQ.jpg,0,0.9946942925453186,1
KHU7Wv5IvW20NZpJ0oDq0rR0iwo.png,0,0.9872714877128601,1
b9jv9Gs6j-UaSUx9nUjUy3mOpZg.jpg,0,0.9860802292823792,1
2Z9w5VLtkgHjasvoe3ZB4dZtzkU.jpg,0,0.28988200426101685,0
NnyWlTwR2b4DFlAfrsHn0vGyjiI.jpg,0,0.9777057766914368,1
vBvXIIrus_8Qa7GPf7u1d_dzJGY.jpg,0,0.8874239921569824,1
1fQ6uvrcREJnH8d2P_ysKH3b9y8.webp,0,0.5392917990684509,1
cIXdrISDDpFyA6xzRu33Zz8adzU.jpg,0,0.794604480266571,1
wRKDyhoAviSH9rnASEGkwMij2Pw.jpg,0,0.04912777245044708,0
DInHbEDZchCrLeKwHlZlh6t3NYg.png,0,0.7074681520462036,1
izXUmOvQnxz6sfkdrY3iYhn4F70.jpg,0,0.8001190423965454,1
fCtad4Z6iDGMEtwz24JL_NrgT3Y.webp,0,0.7040931582450867,1
H-E2-yvVjuotOE0ykAgKPtprmzg.jpg,0,0.7550275325775146,1
t74wfjmfAnd_VK8OOYWQxb_qAaU.jpg,0,0.9903308153152466,1
yLcuGSv5hwEnrySIsUJKFTLwNxI.jpg,0,0.8512373566627502,1
KJ4VbxfcEonlrOvUKK8SE7E5gig.png,0,0.7290645241737366,1
c55omR1wSNWNU61LQgNKZdte9eU.jpg,0,0.6141179203987122,1
vs3_KpXJZ4J04iVDmYdGn-jYFvY.png,0,0.47407621145248413,0
x97gfXtK-C0HvhA6YxjCp4cGRuQ.jpg,0,0.9145787954330444,1
5ljx4kh-4wyV-Gvh4_0XXJj86Z8.jpg,0,0.4244089722633362,0
5tqLVtKd0vy1m2L18OpIEO9MtHI.jpg,0,0.5304529070854187,1
pzCHs9JfSwB3OT8w1Ox_EGwzCE0.jpg,0,0.7184866070747375,1
VLArfUoCZF5bke_ASs1uB_Vyu2I.jpg,0,0.41732901334762573,0
4f2b2B1WI1l_TSC3sUBEDgm56F0.jpeg,0,0.37465429306030273,0
oULS3NOIz0KdYpFd_vYxNU_y0sI.jpg,0,0.9921125173568726,1
X5tixGf98g8YyW6ytOHn6wh7ajY.jpg,0,0.5536078810691833,1
eD0yQaBGPLXttLmVU0HJRo5LgPY.jpg,0,0.695516049861908,1
_tHErX8ZA8q4IMOmH7d-TxRDlbo.jpg,0,0.4299648404121399,0
2aMRh2sol1O8t2n9zG375tB4yuo.jpg,0,0.93379145860672,1
AJ0cDnH_wuMncJ8EWw6jjFmQjXs.jpg,0,0.8962490558624268,1
J9Ql8i-By-vEqd8Wo6YfoVDx2kE.jpg,0,0.9355480074882507,1
5u7JEkOi12LPibfxwgXHbisgUmQ.jpg,0,0.6669780611991882,1
vOdzn-w7JanBE5h7_yEhYFZa1sw.jpg,0,0.6618911623954773,1
6EnT7f1hearRL8oEh55CssHVEJE.jpg,0,0.9999978542327881,1
7VUe8dBIr11UWNBCmtCXocxoFnE.jpg,0,0.9188175201416016,1
i3iSe90CM6WWf_eb6o8rKwMLuOg.jpg,0,0.9138275384902954,1
icAdA3FMF4IfeeMgCHGYwU3dHkA.jpg,0,0.7593117952346802,1
i5CD_nsCNpQXhpZHxkJgtO6nDlk.jpg,0,0.9594346880912781,1
tc4aKBhwlIt1zafLSJvinffwGJI.jpg,0,0.932157576084137,1
Bicy4LTuEgk_4Hql6DXWCIutXP0.jpg,0,0.9867581725120544,1
HLQEL6takQgIg0XCvI0ts3wAT-w.jpg,0,0.96312016248703,1
YMVY89WHh170ARRikPTfHQTKRoI.jpg,0,0.953968346118927,1
s9YVzZDLwst3F3d_aFWla5Oa378.jpg,0,0.9489975571632385,1
qLavKgO2Fp-5DiTAlGD-n0A4wOI.jpg,0,0.9945988655090332,1
RKgpGoOZX2iTBV16EObdkhVT0Ko.jpg,0,0.7568857669830322,1
lEYtFQYTkbA8Fli09csd8VpXiaM.jpg,0,0.8694640398025513,1
XitbMmnb_dYpnb954z2z3wz8o6s.jpg,0,0.9061322212219238,1
aOjzbHFjontB1_FQ34NyGozjbeM.jpg,0,0.9958668947219849,1
d6ijvWMdTSIBmEnTgy-krppwoQA.jpg,0,0.9217687249183655,1
DWHa6_8g3db4tAuS280rzuaabW8.jpg,0,0.9990900754928589,1
vHXfahZsR5TKrxQ8XxcdhnPvkEA.png,0,0.7324414253234863,1
e1IcsaYyWxLcqBZmIx7WpP36oHw.jpg,0,0.9342323541641235,1
XZGF6t8KT2h8V140rv-soWukPJk.jpg,0,0.29316386580467224,0
id_rJVbqVS6sP3f-X5QA-71rTO4.jpg,0,0.8246631622314453,1
QuHmxK0R7WWqJsNn0RVUp--HKAg.jpg,0,0.9111300706863403,1
PlWHojLgs-ojRDMFLaUzXf5df9I.png,0,0.8265026807785034,1
NPFbJbaY4V9UGJPxQ9OerDnnl08.jpeg,0,0.5169782638549805,1
QZ5XBDPUwdjUu3fMxryMGATnlpY.jpg,0,0.942016065120697,1
NMmlVxTeSuWUvfalsu8F1LogS6k.jpg,0,0.5450637340545654,1
YiHPsWk5YimZIZvMQCA9_hynbeA.jpg,0,0.5728608965873718,1
R-FAEmjD-HaaBgzSiFc2ZZNUvRY.jpg,0,0.8261666893959045,1
Zn9oRu7sToC69YEHhY4yz7lt0-M.jpg,0,0.9093350768089294,1
tOJQr__Eh0IM54kVEZWDA442utk.jpg,0,0.8199487924575806,1
3gy5zpfj07A1RpphjxXxoTUggIo.jpg,0,0.5736138224601746,1
kGiX8RLsEFHGteowVQK242e0xb8.jpg,0,0.7508476972579956,1
ju5vnoPSXlFjwrg3DJOGGBeRgOI.jpg,0,0.9749001264572144,1
99C6SO3dY8-It948BzdJsG_yX58.jpg,0,0.43712112307548523,0
EfKfvobx6wmfjEIiowR4faH89fY.jpg,0,0.42099279165267944,0
6VV4ALbpwOXjqoy6r05_JBKULoY.jpg,0,0.9643396139144897,1
DzAkB2g3qFsIM9b6xrA6sphvEQk.jpg,0,0.9912858605384827,1
VmeQgpLtT2JVEWEy3jyohOBYtAU.webp,0,0.501332700252533,1
ZW5JnMJPQLTlkVrJTV8XFnA5IVU.png,0,0.6926218271255493,1
n0MKfk5-7QbCz5wHcGqDRmKsnw0.webp,0,0.8370323777198792,1
jdRfeqAXSbXSUWj25DZ5sS_oft0.png,0,0.5038531422615051,1
jZxvxvfDcsa_DqVtQk3CAT55DE8.jpg,0,0.7430673241615295,1
9VJJT3QqPUabYe-cC4cI9G5hD-c.png,0,0.5281082391738892,1
n88zQrjI2P5s95pc8OT9XI9pz04.jpg,0,0.9350049495697021,1
NQUSWFfkkV4xQrdwHZFdEIzIUx8.jpg,0,0.420939177274704,0
XdFRnahGwto8THmQmF4sXqH7b4M.jpg,0,0.019459325820207596,0
ZFtm08iXsfl_h2s6aQc7hWqr-aM.jpeg,0,0.2238476723432541,0
Yp1mj0xRGtDFaPtrDnn5s_R5_Hk.webp,0,1.0,1
FzxevlNJEEK2XLvCcyvritBbFfI.png,0,0.9726206660270691,1
c4C8tcUO9ZCDfujEY8IxYeWSXe8.png,0,0.5268271565437317,1
XBzrju0aRX9q5lOzLOmlnGEH76A.jpeg,0,0.4269587993621826,0
19isHII-sEDHVJhRJ6l3Ic8b5Bg.jpg,0,0.309463232755661,0
5W-zlywZ-A3Y83lUtqsAzblwF_g.jpeg,0,0.24634723365306854,0
kJHheder7ZC77n569Sr6WcGMjlA.jpeg,0,0.9381566047668457,1
4TIEljceg4FHpsg3TtAZ4-RUXcg.jpg,0,0.8568650484085083,1
8ZSC4Do2vuTTeSmVXiMra2A3WSs.jpg,0,0.9963095784187317,1
z2UUs6aMb3fSiWwKXP9E2214xTc.webp,0,0.8959745168685913,1
k0oxtNHQWLLnesrV_qlE3JtlVks.png,0,0.9897991418838501,1
IZUbGV42_b1dZEHJj0K4FMVE2VI.webp,0,0.7931759357452393,1
t5vQoc-ex6-ptjxTTPYwASTZmhI.jpg,0,0.5136078596115112,1
T7owst-LBdktYhsOWp2Jc7iNKiA.jpg,0,0.9512800574302673,1
Ku7TqoiHuxeJ7uv3T5-p9vN_KAU.jpeg,0,0.9757543802261353,1
Wlt1tTS-KO2nTSNU-EUzd2dnO0s.png,0,0.5292769074440002,1
zjwd3Lu3RuiEKjMXwgOyrfZzfmE.jpg,0,0.9895793795585632,1
svEraDaErFFhBEThSgJqfmEkHUM.jpg,0,0.9984292387962341,1
XD5w4czHH4t1r1753cCi7B2avWA.jpg,0,0.9768657684326172,1
34k-zARcqK4DQclx8M7WiF1yG7g.jpg,0,0.9911016225814819,1
SqBw3bD-jjYJ0p7Kbr58eO1d6WY.webp,0,0.4623377025127411,0
AST_wKvbs2-iSCJW9RaOMAQhewY.jpg,0,0.5149679780006409,1
hfVgXXXh_MvNLu52X9RtWsoKXdM.jpg,0,0.13728201389312744,0
hnQVS75vjyNjlSa0h5aTy6DqjE0.jpg,0,0.7480614185333252,1
h9np1ZdnoBlbdtEjNIZ5WOlceUI.jpg,0,0.6606530547142029,1
z1rwKDMGdwbQ-IvyKmVdhZL_KCc.jpg,0,0.24666638672351837,0
COra_wSeq16PEb-3Xl9TWiFB73M.jpg,0,0.9992731213569641,1
2nR8nR6_2gF3cwYFmIU7R4TV-Ec.jpg,0,0.8308318853378296,1
jLEeNbFVv6kUCnTxaeDuY45it3s.jpg,0,0.2647484838962555,0
1tRT-JgYRCId8a195NptX4fV6E8.jpg,0,0.4411757290363312,0
1Z5Cv6nmcgGssEAlfHxI9GN_kxk.jpg,0,0.7488908767700195,1
azaU-hJ8RceP6bm2ZdWRPyKQgBU.webp,0,0.46064120531082153,0
uwe48T3oAn4bTXfK1wCFd68rixc.webp,0,0.3370094895362854,0
ic3sNGCJx9p0KTbusvHeyprYlks.jpg,0,0.9999305009841919,1
g5imy36_kJ2ybb0pzE5Vr1fKkO0.jpg,0,0.9906336069107056,1
2HmtzgI5P90DAOzdnIcI3saEEZI.jpg,0,0.9612551927566528,1
EmejgH6poNLJkCVtvrcLxVmbTu8.webp,0,0.8539400100708008,1
Bwj34p04apDJqgVpenEzzXVbAWY.jpg,0,0.9801225066184998,1
BmlQbpktAsCDzglS28rKXtJFuSs.jpg,0,0.8220632672309875,1
Ojj-jhq-Q6Q7HCDNHtqquR4dtVc.jpg,0,0.979591429233551,1
1AAEpV6dxv_z_9XfbZZ3Ib_bE7Y.jpg,0,0.883906900882721,1
quu84-_kNe0dQmJEXYKMMelP82A.jpg,0,0.2813335061073303,0
oRRyD0BbXHW79_ZITQYIcuXpp6o.jpg,0,0.9851554036140442,1
PCDy1o98TRsDa-UYYKlBIFoXVrA.jpg,0,0.9999067783355713,1
HyWWxIsxKmKF_-IB39W_CAsNV64.jpg,0,0.6049565076828003,1
Us3mviUx1nTY8j0auTPj31ifRXk.jpg,0,0.6745015978813171,1
WlyHDu7lKFmFfs_gNtlTlBxNSds.jpg,0,0.49583932757377625,0
ncQNsKD6sNR_O4bJ4ZZiQRB1ExA.jpg,0,0.7624014019966125,1
uAEursgRbtvVcLcLzWYtbXEzDWA.jpg,0,0.7483465075492859,1
JgBjn2QD3JrnxFXF1ag565zueDA.jpg,0,0.9999641180038452,1
Dm3CacSkhPDZsKGqfUceAimaKeg.jpg,0,0.20215165615081787,0
AKCwmH2jEOTI0WqbBwpZ6W7fW7U.jpg,0,0.4087461531162262,0
9UdLx2aAN7Q5V6Tq7K6_XyDTzp8.jpg,0,0.21243904531002045,0
HqhLYgJrifwDmyE_3WFbv5Slhng.jpg,0,0.9726712703704834,1
K3weET20WKK7Dvb7E06zaXGhV7w.jpg,0,0.9115638732910156,1
IytMS68JNm89x_75oGND62CJ3ds.jpg,0,0.8545790910720825,1
2ZpZVQo9cmcxaZ3J5oxJkKvGtAw.png,0,0.7101122140884399,1
lw7gfth_18ybTkyBaXdLFDZ2gos.jpg,0,0.27882909774780273,0
EUUqCXlc9FezmQE-stvG1sp1zeU.jpg,0,0.8219413161277771,1
vZHBSAvPQcF4yu-Wj5cM-Zx9Rf0.jpg,0,0.771630048751831,1
HpR6Lbl3S287AerqqzVMrwXKgvo.jpg,0,0.6428122520446777,1
xw7QUSWnGTMf0a7Z22qsDgbSAb0.jpg,0,0.4814320206642151,0
GsR24bsNbc_lo0WZFzhQKon_rvc.jpg,0,0.2891835868358612,0
jX8XFK93fFhCzqVOOrhc30cZ4qg.jpg,0,0.8360188603401184,1
OGin_QQcJ3Hey_MWe_UZ-tXscrE.jpg,0,0.8070906400680542,1
yHCaBl8mswPaJR3kvLPHUZmoo28.jpg,0,0.515504002571106,1
lXzKtNRCT0hnXXP_vf2MLHFeSX8.png,0,0.276877760887146,0
nzKpmrgL6_oKiFIjJ_67uR9zjR4.jpg,0,0.7785067558288574,1
VrVSCmgaNf21rZje-7MQAt7_pLs.jpg,0,0.8406948447227478,1
wV_jgZuuugOGA4bswkohX8m1VJo.jpg,0,0.5390297770500183,1
sjJCpWSve4bbfDtuRqIPVgci-_M.jpg,0,0.917719841003418,1
fBcuLGEscsZrBSSx82l3vrv9Xa4.jpg,0,0.9783979654312134,1
rpfRdkKg1RDnQPMW5p6QRDDzxJM.jpg,0,0.6088440418243408,1
Owj_6JN0ppt1NfitAlanVw4HHRE.jpg,0,0.7460209131240845,1
4frUcd2iagl40OBjHefltNg8n74.jpg,0,0.9192029237747192,1
b-me1ml4IYrAf69el3yB_ZR24AM.jpg,0,0.26267296075820923,0
HWjqzergR9ClHvkR4-CL-f99PE4.jpg,0,0.9169386029243469,1
25JR7kJZ83PHruJy5dRv0i-yPL8.jpg,0,0.3827233910560608,0
yUg5eCttA6h3H0ZbDuYu-EEb17g.jpg,0,0.525932788848877,1
dWm8LQcqUgSmlkZpbACstsXNdKs.jpg,0,0.99983811378479,1
enLn_G4t9muvVxV2D6eXaljZ26Y.jpg,0,0.4986167252063751,0
XD1KHLqa8jBVloLeZUR2AKLxjE8.jpg,0,0.5767552256584167,1
lhHd2Q_fmYa_2hEdmkBauV7Xln0.jpg,0,0.9957379102706909,1
XwtApoTAomlipaItrEXLJ9kmljs.jpg,0,0.9999988079071045,1
VVbHxAi9OS7bmD-aX8aifQupsOk.jpg,0,0.920193076133728,1
iXviwJlWFNv_iixTCP8VULv0z7I.jpg,0,0.9939093589782715,1
XaO1vjM6tI3fvpwqd4YR7jwBqug.jpeg,0,0.9863901138305664,1
EiCLdBDAxHvkqL5kJKRIDZjc0mI.jpg,0,0.5945101380348206,1
aTy3En7depgQ79MNLSJ6VOmusms.png,0,0.06869988888502121,0
RfmFHdPUFJWoGwQVSpPR4mkrEoI.webp,0,0.74419105052948,1
OIYTgN1ial55HMDizm8t-mvyG50.webp,0,0.7455136179924011,1
0u1aJZhseTjverrUsZpj2jXj3Vs.jpg,0,0.8219102025032043,1
9NENkExC4z9xqHSwxEo0gpN8Gck.webp,0,0.5846195220947266,1
vr_hB0CWYwmIi4jSKMLIeoeumgE.jpg,0,0.6002190709114075,1
yXIZuqA3yRONZHxpTCcGDDIYB0U.webp,0,0.8277737498283386,1
EoqW0p8MQ-eDYVQJT3sBUOpzwGQ.webp,0,0.9999854564666748,1
EvB6mWoVOB3IohZRK7c7uwjXYv0.jpg,0,0.9373341202735901,1
5QBBZqLBU8pSWktkBKj8tUWS6xQ.webp,0,0.7991377115249634,1
ELay1-2KAp_cj5Kp5uyPPWZCiJE.png,0,0.2643040120601654,0
LNJDJDiv_JtOujvt_4ekexe5Mlk.jpg,0,0.8996220827102661,1
_dE7GMbtxeWUUvXHpCQxeyE6xdU.jpg,0,0.5771806240081787,1
am3ie1TsuTcmPosA55VFp-aRBIk.jpeg,0,0.7898682951927185,1
2tR5kwJ52E21yf1baR_MknbzGNk.jpg,0,0.47712957859039307,0
4JPzueC__a_tWemrDdYiL96TOEg.webp,0,0.807849645614624,1
m8Xuptf95B4MC6VOtPSyebVSJzw.jpg,0,0.8781458139419556,1
vZrXSaNtMoKqT9MHbu042JhWNoA.webp,0,0.977317214012146,1
xmGybGR0hhGnO4EVbRdIMv3Ahb4.jpg,0,0.8899738788604736,1
jXL_Hfn_XXvSslPKi1L4t4awmX0.jpg,0,0.791786253452301,1
_4Gwus9aLO7bHoLIjCvKFEEBS0s.jpg,0,0.3894299566745758,0
F6zCtaTh0latuf5oV18tBFjWODA.webp,0,0.696120023727417,1
a8K6zHzELRja8rBSDSA5aBgOZrM.jpg,0,0.8147674798965454,1
i0zfIaFUEXONca665Hs3lTxj40A.jpg,0,0.7285199165344238,1
mxp0KuelRUGOvuk3-uw2RBNg4o8.jpg,0,0.6915376782417297,1
pk6I147OcDP-YlXukgN4pDeB9v4.jpg,0,0.9099766612052917,1
JpLMsF84swHHlqE0ZrfFDCcVWNo.jpg,0,0.7937293648719788,1
J3kVC49yzzsT0hSI8ZCpNaPJhY4.jpg,0,0.7618047595024109,1
ncdagDm3zL9VUImyhlOEBCOKuVI.png,0,0.9797378778457642,1
pnRZRE5LceYRCf0qD_y7qw28PnA.webp,0,0.9916104674339294,1
O9pJydtnYghJXnsJidG2FsQlKCw.jpg,0,0.4014546275138855,0
_c51MLEHpFB72esJl0ITfdnwdkE.png,0,0.8642082214355469,1
666pvfGm3RoDI4YB16OKsyY5t6g.jpg,0,0.48389187455177307,0
TIEjStpjKYH6sgwak0KZg9PRCF4.jpg,0,0.9029912352561951,1
Lp6Jly5X3xbuvkKVxVYhkXy_DCo.jpg,0,0.6957753300666809,1
2H8SGeqOQQW4tTqWCyLCd01tsFI.jpg,0,0.9616716504096985,1
kNKKVPhdpBZbD5b-DOUX86YsE1Q.jpg,0,0.23327650129795074,0
AjDPKac4i_2ZgBLMgO6xaNcyExo.jpg,0,0.7585762143135071,1
zINkcdhAvOOEZZdD6xacUmvlGE4.jpg,0,0.9828094840049744,1
0dxU7d52boR7G7vyn7so1tj6Ufw.jpg,0,0.7514824271202087,1
I2TKVLePhJi8g5lEYPHNl6t2K2Q.jpg,0,0.9850415587425232,1
bGw06LEU2bXCpUxszAaLQHlNE8E.jpeg,0,0.36956265568733215,0
SWi36hvS31K6a5zHLxhbZ4EEQE4.jpeg,0,0.6355776190757751,1
75VnoYDB4IZSCjk425Hp4C6CHM8.jpeg,0,0.9081966876983643,1
6zxwGEf1TDQ_r0ggJ_sWLC4jNKA.jpg,0,0.4419141113758087,0
JC2u0uWaGGXHxiYg8ovLg6Zzz8s.png,0,0.950788676738739,1
l9HvGlEiHWFM3yIY6eThAVbInsQ.jpeg,0,0.29464229941368103,0
vQ9eZ6bCxEiwpS__qHGXlLj1y9Q.jpg,0,0.6275205612182617,1
aj6Fa1x-NTZ0b5noIjhv0jwpmI8.jpg,0,0.8896353840827942,1
1vhD72kGVXIzwfJVUKLQDc6eaqA.jpg,0,0.8239508867263794,1
mKiL3uWQL3ITOnmuLmuev-_U0xs.png,0,0.6722694635391235,1
fmN13lKoP8h6Kdfz1vpiSa9plME.jpg,0,0.7104615569114685,1
Z9Y4R-aAjmM-Pgx2yb62Og5eqy4.jpg,0,0.7639816999435425,1
q_IV38VjSvVGoJZelwHt3jLNyl0.jpg,0,0.9582337141036987,1
uGsroR5g2dLQ9TVpYsWJa8Mvos4.jpg,0,0.7044216990470886,1
uiY_jvTAzSvGS98yI23J-pEZ3oM.jpg,0,0.7855799198150635,1
R1sWkNJ025aZa19apR53CSZzDtM.jpg,0,0.999950647354126,1
TlNmi1pLUM_L4tgtGKjTkPsvzLU.webp,0,0.953568160533905,1
5gne-26VBu0SaHCe81kflk2B-ho.jpg,0,0.8545303344726562,1
UFckik5M3SY1dMu5Llooa5Ayp0Y.png,0,0.9182963967323303,1
n0AFl83GDAoVDeH5ex6X4DIY_kU.png,0,0.3845190703868866,0
i33uqqRCF-pjx2D-0rWBO4NczC8.jpg,0,0.43747571110725403,0
O_WibUJ8fVBAERY9jh2hOvcRqvM.png,0,0.9189517498016357,1
265vc6qvdbWsJiSh6Yzmo6pGdLU.png,0,0.8987231254577637,1
eA8GhOGEQyU4W53GQnnQOKyr6aw.jpg,0,0.2958344519138336,0
EWqgwsPkpZTobgfnim2XyQWbi2s.jpeg,0,0.26217105984687805,0
-7v3ahhmNHgDvOcr3nuxgQBL-uc.jpeg,0,0.07900360226631165,0
PKnjI3DfoppOI3pp0UQI62oLiPY.png,0,0.3255535662174225,0
28FAdPp6UTfXWEuTqpZ5FwKl9KU.jpeg,0,0.515667200088501,1
MfCq64XQ-9edDN1xBC-k8OdCuic.jpg,0,0.793630838394165,1
fb9uUS51_kKGXmRX1OoYnNCQltY.jpeg,0,0.5412594676017761,1
OM2XeGV5oUNwKkE0P2PedVhN3WE.png,0,0.29251348972320557,0
lUVvF3FDz_ieEbIUWgrxmRFf2eQ.jpeg,0,0.47667452692985535,0
_rBIEr0iT8_O1GkpxeVWfWaeLPw.jpg,0,0.9426820278167725,1
S-NGrLBTPSYrStlwq6LjA5ca2d0.jpeg,0,0.6480246782302856,1
ngwUXXzonyhk0V4bQD1ySVjGMxI.jpg,0,0.31619811058044434,0
5B0oZS2Ta8DdhUkbPEcSRiITHKY.jpg,0,0.9574102163314819,1
XGNNTtUfKoX-N4EmGyfYUIfXxpE.jpg,0,0.9682062864303589,1
9nGQtK4jreRjjXVjZOF9g5eCIcQ.jpg,0,0.772559642791748,1
ZL-QCvMHxonBM03jPCJfstuv7qU.jpg,0,0.5930500626564026,1
psSOLNxvydUAg15YEuTswzOCXcY.jpg,0,0.861110270023346,1
VMMdvP_e513DGlIW2AQiZuXllDw.jpg,0,0.8953800797462463,1
MVrUHEsgRXhQ7sa7iuWUycSvwUU.jpg,0,0.5396260619163513,1
ar9OE_6x_dWCC0edVfqXD_a6ivA.jpg,0,0.6119683980941772,1
tbJ-4usCAlE4icajjW0iWidroLQ.jpg,0,0.4790363013744354,0
swORFfrTtNErsnWwLtu3ufIqy5E.jpg,0,0.7134048342704773,1
axiDkduyCheYWDFAkxV9OtPwrIs.jpg,0,0.29771098494529724,0
8TFL8yQYpd0G8ysD4nt9kyHXK0c.jpg,0,0.7836489677429199,1
xw2MXkjWfbG860tdP3me8Dw4GCM.webp,0,0.9009594321250916,1
jasjW6ZYSBMLjLIVDF9tOHtUgFo.webp,0,0.9751376509666443,1
NagHcTKsiOrg-nMuQz10__RB3Jk.jpg,0,0.9585360288619995,1
Roi76VifaZRSA1VKg9Z-F27GAps.jpg,0,0.4958205223083496,0
hxfJF13yi8chIelpTdAmeLhcFKE.webp,0,0.933628261089325,1
sIK_9ehuyHY8B-cTUNZgCtcu42o.webp,0,0.7893410325050354,1
IX-AXEVMl2pL5Or0phhPRZ61XVk.jpg,0,0.9986541271209717,1
HgUOSDYvVantRSFyvtNZxutq2KE.jpg,0,0.7096139788627625,1
Xy7AMl4s93aIb11-TL-ACYSYUMc.jpg,0,0.9989494681358337,1
XnU_CE59nrvHWZq0wVgDjeluhLQ.jpg,0,0.8987415432929993,1
hJ2N7ss-FsiHuwbzFrqjNuOtnPs.jpg,0,0.982191264629364,1
3x1AbMzN5SUZTLgyWYgr1ekFpJ0.webp,0,0.8878868222236633,1
K9NswEKkIraE10nTrFTGRmqhABE.jpg,0,0.9919300675392151,1
4dG2hB3Gq9Wm6XVkvjV0rODpR-w.webp,0,0.9228610992431641,1
fMWNHY-4CKtGBdfS3ruDtnO1Ukc.jpg,0,0.8711970448493958,1
ggwESsd3OYtHvOJHoAxG8DRlLHw.jpg,0,0.8954172134399414,1
FdSg4fkcPQ8YHRsKIiC8CkZoDGA.jpg,0,0.9490131139755249,1
4a4RbLwTYlX_Fak4wHwzFH0gXKw.jpeg,0,0.9995043277740479,1
9j0lvOfwNTMPSWTu6mw8pGhJ4xA.jpg,0,0.9998756647109985,1
6XtrF9M9hv2y-ZuRnASj941RFJs.jpg,0,0.9997860789299011,1
BzSFEhHJyVsNWbYpmSPeVvtSbmA.jpg,0,0.9202314615249634,1
eE2KA-1ZTyWWSZDazX54WTVca78.jpg,0,0.8822311758995056,1
Vq9-cO2Y5dAUbxM-JG2HlxegSXM.jpg,0,0.5280433893203735,1
UzyqOOwmOgH14mVs2dwqhvNmYWM.png,0,0.55707186460495,1
b-kMn8sLor2MIbJ-NO8NH5rEm94.jpg,0,0.7745735049247742,1
Ay1LTjNTIAFbY49v_HrLFA14AAE.jpg,0,0.9472950100898743,1
tU1il5LCEvSBdJpwsZQ60SSk3Ng.jpg,0,0.9949252605438232,1
5LZhEOWOsoE9XwgkjOYkhrLLo1I.jpg,0,0.8587307929992676,1
VVbD80Gn1zQzryAjJJKIMjI0_Kk.jpg,0,0.9070440530776978,1
N0koXfeuOUaHDoIrHhAXaHigRUw.jpg,0,0.9938831329345703,1
o5i12dRNyybFskz5ckSK5HO0A4Q.jpg,0,0.7210878729820251,1
0Hcqc2YW2AbLH4qZrg3LBDRdSWc.jpg,0,0.9701659679412842,1
Nl-UzqGXDbFwGn0ifsyHo04oX4k.jpg,0,0.7308880090713501,1
AeQXGyzNU4C0IhaOLneHlgKRBMM.jpg,0,0.9864678382873535,1
I8lNdrVhIQw2cGlMYM6ZEgX6V0w.jpg,0,0.9194440245628357,1
GMedVT-0pEFb1nrbnkq6UOXGNwE.jpg,0,0.9966326355934143,1
53QXKDfn915QT9TBKpJ7QuAuGQM.jpg,0,0.6703265905380249,1
8HiiOxxM_K0gKkopVgqTPNCJtgU.jpg,0,0.9999992847442627,1
54vBoj8rsNf8VFzhkTKmvANabiw.jpg,0,0.9737999439239502,1
VZBYzC6XP95IjK-xBGepT3pkd4Y.jpg,0,0.9801029562950134,1
Rb6c-d5NIF3qJSODz6fOusZkD8I.jpg,0,0.8701878190040588,1
OE_uebc0hX_ylunlnRzpGHNP9vc.jpg,0,0.9967038035392761,1
UhGVG0ooynKFJ1LQbK1QVMU4Sac.jpg,0,1.0,1
BETLrJxfdELmrfqZyJpzus4L3VA.jpg,0,0.884327232837677,1
8mZ2ThcdIkz-sHB40iV4kdOsYMw.jpg,0,0.5561482906341553,1
01kf1I01K72Ul3dN6DxsmwqrD4M.jpg,0,0.9917228817939758,1
6pe0g1Wg9RCa0xKx7vlo5PNFsVg.jpg,0,0.3652837872505188,0
tKj0Ylahr9QX8L1CKnZDIVJDeu4.jpg,0,0.8297067880630493,1
t3fP6e_Ps9I9H8HQTLWMrMkNuQ0.jpg,0,0.9990562796592712,1
JQTvVFvFbHYM1WnWD7-eT8PYlPY.jpg,0,0.002997630275785923,0
VieYqCxDqSQ-UX-DoeHS3Z41kpM.jpg,0,0.7111764550209045,1
44WZLh-KFQwbX1WMh3NcMU1xlvU.jpg,0,0.7644296884536743,1
ipus-uJH4lgyHGbBDi6_TE9AqUY.jpg,0,0.8419563174247742,1
1Um-XHkuguLmWVRz-oem6xzDQ-M.jpeg,0,0.9683955311775208,1
ucThlPV2pDUVt4qL6oW8pVuXF4Q.jpg,0,0.5945368409156799,1
lPOecaXMBBCPDIzy1h9_Xlb38jw.jpg,0,0.9162745475769043,1
e1iqQ1Lzkcm_yFWWsys1kThO-nc.jpg,0,0.8402442336082458,1
5GqCGukcHyRKpIr7O7U878zULAA.jpg,0,0.2492004632949829,0
sPeSVqdmqgLcI_sPU7cqWOMntDY.jpeg,0,0.9212794899940491,1
CH1rwN9FUYQ7S4PDkwTu31cI7b0.jpeg,0,0.3502216935157776,0
WyRuSgj-RfXGqIAji20Gn6KoMpk.png,0,0.9883832335472107,1
Z_LFa_jpW9WJfYv7oQhEvoiHvps.jpeg,0,0.6998840570449829,1
tPBCeEd62VvK9voY_aF_hftQ00U.jpg,0,0.713728129863739,1
mjyoGd40v9uMkSz_Eo6TuIuu8Ng.jpg,0,0.7071456909179688,1
p_sunfMV-yoM9tBbd4zEjJGhPE4.jpg,0,0.6703389883041382,1
wqTf7ZjecV0DqG2EfTGEU3pUy84.jpg,0,0.98451828956604,1
S3f4qENbSromISdntIBl9DHza1c.jpg,0,0.5311732888221741,1
3wC0eCNXlt8Pst7UsZYXV645YLk.jpg,0,0.6775673627853394,1
l0ApFpFNkxaHXxatv0rWV1DfV1o.jpg,0,0.6308858394622803,1
-1hdYtcz1OF-1cMLaxmRZu63mMc.jpg,0,0.20570145547389984,0
Jf8ZFB0u7ItcFSrFx70pt-RCMMk.jpg,0,0.6419570446014404,1
9eHH8dkp_1tCQkiQvCz1L_dmH34.webp,0,0.9992647767066956,1
gFWRH4mBsXeal1LQql_M27VotN8.jpg,0,0.6344661116600037,1
Tx4OkPW-G7gc8AfjVn_RrKua9Pg.webp,0,0.9988254904747009,1
hcpSmxMGjYS0N9kUEvHWQurO-rI.webp,0,0.9788529276847839,1
BMgwoiEqOhmBpZxl64DRD1OEadg.jpg,0,0.23981544375419617,0
uLURpJtXAvo4ONuOHtLyCnlfXkY.jpg,0,0.9688669443130493,1
